"","TileNumber","SpeciesID","TreeID","Boochs","Boochs2","CARI","Carter","Carter2","Carter3","Carter4","Carter5","Carter6","CI","CI2","ClAInt","CRI1","CRI2","CRI3","CRI4","D1","D2","Datt","Datt2","Datt3","Datt4","Datt5","Datt6","DD","DDn","DPI","DWSI4","EGFN","EGFR","EVI","GDVI2","GDVI3","GDVI4","GI","Gitelson","Gitelson2","GMI1","GMI2","GreenNDVI","Maccioni","MCARI","MCARIOSAVI","MCARI2","MCARI2OSAVI2","mND705","mNDVI","MPRI","MSAVI","mSR","mSR2","mSR705","MTCI","MTVI","NDVI","NDVI2","NDVI3","NPCI","OSAVI","OSAVI2","PARS","PRI","PRICI2","PRInorm","PSND","PSRI","PSSR","RDVI","REPLE","REPLi","SAVI","SIPI","SPVI","SR","SR1","SR2","SR3","SR4","SR5","SR6","SR7","SR8","SRPI","SumDr1","SumDr2","TCARI","TCARIOSAVI","TCARI2","TCARI2OSAVI2","TGI","TVI","Vogelmann","Vogelmann2","Vogelmann3","Vogelmann4"
"1",4478,"ACSA3",140218,0.0281273807640744,0.0389808156062962,0.207714092191069,1.59603093252844,0.0861983376528541,0.0987551636479515,0.263599307914599,1.49100735620101,0.0666171837924843,1.12221238878143,6.46950663687297,2.10995375226372,15.8402708323343,14.5232724809936,24.4953663601706,23.9161148481661,1.51571386031288,0.867067695962447,0.8000152800698,4.18005971103248,0.743321369781353,3.57090901299217,0.40805371006178,65.7949869223855,0.146410134954479,-0.717577336833869,0.2090833371136,2.53607900827798,0.726680134426812,6.57224700463897,0.963522507512523,0.99311599245948,0.999576543871654,0.999973348957668,2.60550686717304,17.076237332525,-13.164039114872,6.31741063608134,6.83363928264145,0.747399059707697,0.784573341460764,0.085456064986638,0.109691852066029,1.12916255439166,2.01835595360389,0.699233814150781,0.982669432120778,-0.575314978928632,0.721811236681004,37.5545795417143,4.10748632002943,5.72641029193362,3.60884912689918,0.687030245773548,0.890656280214529,0.63587531745613,-0.415479625458514,0.0636616950733631,0.776331453661281,0.556926331004117,12.6995085928888,-0.0208408164109156,-0.128835747353961,0.0141820349035812,0.899341755750021,-0.0019923311859029,13.1966500945995,0.620716370074519,712.76517589349,724.526496192287,0.657168135912933,1.00899238336341,0.611213678204536,17.8413485947072,6.83363928264145,14.1430306955557,6.31741063608134,2.35147059194984,0.444010562307405,3.50662533349738,0.745575478041198,0.49926372929179,0.89776594740089,0.520600244803152,0.432840327629201,0.111683153460412,0.143613029634591,0.0235455902669429,0.0468613817224005,3.84608573322848,24.6345594932479,1.78076279893857,-0.191108734424259,1.53785627551542,-0.230685383754294
"2",4478,"ACSA3",160251,0.0214353166854444,0.0320290472179797,0.16190427389825,2.33507030136499,0.0872160767062527,0.0916743162580597,0.247929351295514,1.55027010004317,0.0503151115474788,1.12617285956512,6.799081893041,1.67889658900718,19.7827834360282,19.031222941445,32.5524772867836,32.2806219172262,1.67890533239436,0.781828415103954,0.815215978087839,4.44359472133466,0.854583533749385,4.81047090870415,0.433467656132545,89.728665191187,0.1319040188821,-0.604637953816112,0.314518972382375,2.37867120116893,0.748546326934941,7.19069706792754,0.799677618538444,0.993147788209322,0.99956746644368,0.999971552542954,2.43011494507587,21.3071746945331,-13.1429741541178,6.86152299736321,7.09970568652098,0.76690590095902,0.801236867417878,0.0649988116321057,0.087381038379562,1.00067432900904,1.8370927665732,0.704398250541794,0.964810889287797,-0.581457570952232,0.640763191519597,91.9064288717601,4.36773251393964,5.82666572431364,3.98855782586056,0.563015930387137,0.891923502074395,0.651992274488988,-0.378271976824262,0.191173855721066,0.740511773909246,0.542140955854281,13.4743895488894,-0.00923485529587647,-0.0555548793252938,0.00705330010192138,0.911853647092057,0.00323466793775314,13.732807182333,0.56633999383287,715.592123961848,725.048475709988,0.596507782668295,1.01845094579135,0.509903635403925,18.3605295081813,7.09970568652098,14.0927937184861,6.86152299736321,2.32950852257767,0.44853162251625,3.70711351418392,0.586086883885368,0.514964947317073,0.698535504689717,0.433497814204324,0.358410849600181,0.0835571324332513,0.112684102275374,-0.0258210166204606,-0.0431775531726119,2.88962794529561,20.1477759243321,1.8493475622596,-0.208599619850264,1.63333571598584,-0.254620924932081
"3",4478,"CACA38",150125,0.0225118260884937,0.033127364837077,0.171733033811468,2.81350612002561,0.0699639681254703,0.0794466104109844,0.224430097872342,1.62586735337794,0.0508971296680826,1.18164356412933,8.15530641340804,1.66909237406893,23.6099663615585,21.5511241584291,36.1210253626114,35.3063681493684,1.68229049138352,0.765519654758246,0.823707886379372,4.89188630733384,1.22339247605716,4.18782030959959,0.367313576688823,103.362010903744,0.150692208988284,-0.676610122850725,0.279667868028256,4.98920457163633,0.754719077169454,7.46284058356145,0.834884759415949,0.995890498738647,0.999797497925858,0.999989523112927,5.46423749434174,22.9468175316907,-16.1045451115805,7.40058774652695,8.11884138181682,0.783151410263902,0.81083518442135,0.0783389279614179,0.100667312839869,1.21595890602139,2.11705291027131,0.720869177501907,0.974931486124661,-0.594542878392164,0.701211976842005,168.820144883425,4.89784033771332,6.31879749441003,4.26334646133112,0.621807020847933,0.915646506736463,0.677350285384635,-0.451568937145425,0.163163643998308,0.773708820699095,0.571331100882295,15.7937098149377,-0.0196877261566803,-0.14181828468798,0.012207583486175,0.92806286659082,-0.000777519405934147,16.4484389452169,0.601626727882848,715.676901387962,725.960014024341,0.635375905258554,1.0130165102091,0.562068857867154,55.9433535458854,8.11884138181682,17.8374644104365,7.40058774652695,2.62479614391081,0.402593011325422,4.03395837032532,0.595918732444902,0.472993754281882,1.50882848651157,0.47793031623906,0.397500694721694,0.0914330599462569,0.117768913527892,-0.108779100723653,-0.182953099215926,3.1783450399659,22.061058233292,1.91259294829962,-0.2448996381058,1.68278118013096,-0.302365436378987
"4",4478,"CACA38",160157,0.0233717007357946,0.0347067326592418,0.171035665626491,2.397271684438,0.0752059809991074,0.0841142794284617,0.228601920701508,1.52909234097708,0.0551184162240077,1.13343573137867,7.79649317649514,1.79232287695123,20.4267074700051,18.3868991050136,31.5753901207606,30.7285090907709,1.62526102144716,0.757178373304453,0.826167563655395,4.77611586273291,1.18610467603371,4.29952412510715,0.403562406677872,91.9144435095522,0.155571323842406,-0.704613844963696,0.267674514085356,2.54638689127574,0.74419670950216,7.11727660478472,0.880267214574902,0.994548300605716,0.999695188351372,0.999982320615284,2.61053809424881,21.1794091563406,-14.9858801578152,7.06528183111947,7.81365269295402,0.775205956194498,0.813118949920799,0.0712472220027335,0.0915789407536899,1.22880097402225,2.13278737636828,0.721904952726363,0.970264090980899,-0.587484586490278,0.709903807810223,-965.258418669816,4.75165876111285,6.30593116720687,4.27854285019324,0.64459083506249,0.902909363063388,0.671673288054612,-0.412440911464563,0.1562952637864,0.774747938134161,0.573182372241227,14.62604329016,-0.0144710674632606,-0.101808551795544,0.00983295971719399,0.921243736231997,0.00195086360986227,15.4184799986862,0.609208070646007,716.313210057243,725.938286352645,0.644238459467063,1.0155171735507,0.583157708116356,20.5855521043663,7.81365269295402,15.7867919294071,7.06528183111947,2.37637179795863,0.447381237089206,3.93976925758175,0.609218952425822,0.48750803664948,0.753570166149146,0.49502710438158,0.410487225432227,0.0922081342063234,0.118720121091233,-0.0856020613015678,-0.143526071266828,3.3221008028271,22.7694400035715,1.88367052986432,-0.235370039658292,1.7037072179688,-0.289358468384341
"5",4478,"DIVI5",160099,0.0157089682201552,0.0249307999580802,0.164428609626544,3.11945426279981,0.138749193218644,0.139868498014267,0.281733423040106,1.31974429927227,0.0548261124890516,1.10233528066348,4.69600714963412,1.86289638837865,11.7084001813664,13.3533209222257,24.2455535687753,24.8001272479306,1.8911691911215,0.614938455557866,0.828404893450497,4.10595604267191,1.12970893706073,7.11492120393325,0.6499694425761,78.0851584213986,0.115865076048378,-0.551674398980543,0.804516818789602,1.59832132952078,0.750403579033909,7.33002971121933,0.822206269966059,0.977964602193096,0.99740706175629,0.999679951320701,1.62405454096697,17.3273163422371,-8.93807332955437,5.64262044606423,5.15522734854943,0.726493495741949,0.807431745320513,0.0431720879854808,0.0649756198182715,0.688336369020321,1.4204282469288,0.659412941739269,0.912752595005913,-0.537799803277032,0.537998139065354,27.4381945332883,3.50055481432888,5.00200796330327,4.1076554145828,0.4763688696928,0.815532182969789,0.589120584813741,-0.212664652743624,0.309187540451108,0.664712709112945,0.478604172781609,9.13507183416105,-0.0278783128309131,-0.122482259466964,0.0329893366993693,0.867089629964409,0.0190850744436982,8.65290990286281,0.502082744657788,714.157219872037,726.105494231309,0.527187837187128,1.04854514061513,0.445089898852413,10.5066599007873,5.15522734854943,8.42926450204617,5.64262044606423,1.75960646279131,0.589966669312214,3.27607567661886,0.501556499785839,0.627715419688852,0.537463111404058,0.374034602630545,0.307853738424715,0.0701355211809455,0.105988323110838,0.0815332041101995,0.184323266070345,2.39314735589379,16.6301466516459,1.79860449586113,-0.214671869875506,1.7225143106322,-0.25697773702543
"6",4478,"JUNI",150093,0.0264577065650578,0.0368089916266069,0.190795123422478,4770.7497321638,0.0674874357101098,0.0795126846807639,0.239141387382758,1.65152940094594,0.0558836241554616,1.18011391639974,8.02810796979752,1.79751760477848,27.1465067420194,24.4422357842681,38.6425042882294,37.5315394253715,1.53743083458572,0.818311092956576,0.808487187268916,4.61862657642851,0.904859788295299,3.59485686160363,0.339085687394443,93.5996161792045,0.145896688122476,-0.685618379916529,0.225036784439832,3.08134416610904,0.731675325960219,6.7105497946958,0.855655466022827,0.996188946026908,0.999823313027459,0.999991546339644,3.1649889522467,22.2811660520457,-16.5908892099301,7.1570901550973,8.14129796633521,0.77347405026503,0.794520814452663,0.0921342508597006,0.116792866756708,1.21570256151246,2.12284771291452,0.711138243475282,0.97975659066324,-0.615430531621469,0.718120045343503,124.018097285853,4.70095311012171,6.06388341314703,3.88409074114756,0.651943887205707,0.918049151327302,0.667708229197364,-0.487063404819642,0.113839329819047,0.78265944724573,0.570344736200018,17.1372848192968,-0.0254720347630824,-0.183602009750196,0.0148703521804011,0.931229454222793,0.00111501673135349,17.2399730848388,0.613792569655481,714.040961417577,724.796382144614,0.648123333137193,1.01045216314127,0.581845029134708,24.7657729164712,8.14129796633521,18.8015602503381,7.1570901550973,2.78984727662096,0.386015168740522,3.85329455765641,0.653391789374655,0.420102040313519,0.827807777508038,0.494248295159926,0.413188641924542,0.104049404820829,0.132039836122553,-0.0734670095080804,-0.124779205580229,3.67030381857835,23.5039392239812,1.85895864036089,-0.209797770403356,1.57646847766308,-0.257877490095424
"7",4478,"LIST2",160058,0.0220771664488497,0.0348689240753954,0.165958941720608,5827.66179871344,0.0651629595043616,0.0723910318013876,0.220747502841123,1.67979655908895,0.0473623697347335,1.16837937682595,8.50388753587017,1.58396435169266,29.5772601655241,27.3274971185192,42.8764446008787,41.977987772728,1.77196551313519,0.687565831537797,0.83012938008915,5.09939886436364,0.941661488025963,4.14962151352016,0.347129670802343,115.066524858192,0.153234929157794,-0.655527560480545,0.272788205947746,2.98956898562375,0.757680408828999,7.54938909415887,0.81443416658255,0.996678300634346,0.99985359948516,0.999993157019926,3.05677858747149,24.4876578855103,-17.4834051846418,7.80645079507547,8.59163303301824,0.794448637580491,0.815716263807612,0.0797802638480252,0.101763370057545,1.2679072673259,2.17985975760114,0.730677773869303,0.979561407246256,-0.617088733206499,0.707169882322633,-235.026363062212,5.11672144769964,6.55241148558167,4.36145457972457,0.619304186683784,0.923592868209439,0.68893078992677,-0.465434039461853,0.120567514038156,0.778938936749421,0.578287530078094,18.2438299750055,-0.0121120815572084,-0.0885387636713843,0.00707073631100809,0.935478707445451,0.00138876948069242,18.6151135558219,0.604173166163198,716.999447962711,725.688477323667,0.637534225861182,1.01056201966475,0.561926821758875,26.7336825130841,8.59163303301824,19.4844890655965,7.80645079507547,2.78278528274579,0.382538078305392,4.16212237730125,0.624812692670014,0.432595691362103,0.829019803982037,0.465177705449409,0.395534150754722,0.088460457643752,0.113112911653559,-0.149437130081252,-0.252062479620991,3.06760654831724,21.9249044876798,1.96093340160187,-0.233121763507479,1.68066399406028,-0.292775908140404
"8",4478,"QUAL",160123,0.0233147286151217,0.0340978989155489,0.17251797325592,1.69833341628702,0.0820343054252672,0.092234463572388,0.246236334089863,1.4703828104158,0.0565982082081345,1.11972994981162,7.06257429853521,1.80213789056083,18.4322232702153,16.4213348161609,29.7335960538713,28.9452422162599,1.59982164317045,0.78625523560636,0.815877309647371,4.5079824222353,0.962763987188256,4.45273846000948,0.416138572204532,85.4962016806549,0.140154597850866,-0.651681520485431,0.230697342362362,2.47649069549895,0.73849893576295,6.94380668665844,0.863431759125588,0.993153339856151,0.99956855871146,0.999971751157624,2.52375046108077,20.7823117556253,-13.8966410074006,6.57757773456483,7.27113824816746,0.758052835386872,0.801102359511639,0.0694029382047049,0.0915421028626251,1.08038835664683,1.94673961281257,0.714633783032508,0.978089124723714,-0.579139669981344,0.669277893636892,113.880878780019,4.43399323664773,6.15456709367793,4.02257802298383,0.606443981310362,0.892004954984529,0.652956837524334,-0.401289173902989,0.0864041522896497,0.753293128590795,0.551205713766894,13.0747154395726,-0.0106997152771249,-0.0627501464641372,0.00779532223386583,0.904224547174702,-0.00109132588944352,14.0037263436164,0.585118842520007,715.042825873742,725.262195736344,0.617460978904304,1.01139864259333,0.543604151690993,18.4525526149541,7.27113824816746,14.6433833470098,6.57757773456483,2.29339747430233,0.459520423203885,3.73434011751933,0.716445456718913,0.506978128044045,0.862873124102099,0.468193103380878,0.38547324047441,0.0926500829542345,0.12247239568278,-0.027627619451891,-0.0421044435085245,3.24712935805472,21.6482673812121,1.85314488813105,-0.210563791597167,1.61013713486692,-0.258482977882241
"9",4478,"QUAL",170184,0.0260310423528765,0.0367856254682765,0.195732106503853,1.62255823114742,0.0855337865465783,0.0981026852470187,0.262562849206823,1.49158251387812,0.0635426898089017,1.10915808192856,6.53382123647329,1.96678400157168,17.8375350855001,15.8513377177894,27.5278777591474,26.6972763116681,1.50285466869231,0.819522503417637,0.800302615365447,4.19554643019751,0.757747814670558,3.77618535030574,0.395090451310244,69.8359411467013,0.135511711709921,-0.667270858793848,0.19344027908896,2.62901166800122,0.716499760132776,6.26529795086499,0.898168665829748,0.993005775135467,0.99955163702247,0.999969458998148,2.68208987861268,18.5623495077998,-13.2933095505344,6.14012855356848,6.8816712708928,0.741295990846369,0.784715235216855,0.0821141363257525,0.107344033647726,1.05253310401256,1.91599822151947,0.697214073868842,0.980330860616005,-0.586621425545085,0.686982463152446,44.066312126008,4.12416746019645,5.69679614918022,3.64049703639586,0.637792437429133,0.890713725049972,0.636017793777134,-0.422549297853781,0.0693627650401562,0.760719513791456,0.546420476279155,12.792104899719,-0.0081829689874455,-0.0466026187208962,0.00538842622737163,0.900311346724687,-0.00106820451489524,13.2239479284049,0.596528140923761,712.725271162959,724.27504546188,0.630547682816854,1.01020573207696,0.562130928101246,18.0116896643957,6.8816712708928,14.1461016107153,6.14012855356848,2.37980406920809,0.441674339937212,3.52559806174141,0.7218559249378,0.484190143424658,0.886582788799282,0.475581170737411,0.401069500740566,0.107291571219489,0.140524640922465,0.0239068979343647,0.0491553897882937,3.79319865096443,22.980086811544,1.79410471994552,-0.184024793204116,1.54640407221191,-0.223372425233723
"10",4478,"QURU",170132,0.0151994281918816,0.0290020880606591,0.118072341926933,2.6448953130283,0.0697624441169325,0.0711714069580011,0.190881383610547,1.49832762374288,0.0373758342480904,1.13997925363362,9.08273961038337,1.34559238980732,25.8334537009216,25.072199110511,43.6460188178304,43.3794319168261,2.20646478701922,0.550934636428139,0.867338720027547,6.01346313954709,1.40067204207304,7.27596925616502,0.476149870107012,171.172339560624,0.160702380251498,-0.611977001918195,0.539513366514828,2.74278696589477,0.800610623498909,9.4969922784576,0.764861066064817,0.995351112284822,0.999756908139618,0.999986667279205,2.88596015432855,28.8998700394919,-16.7789263251434,8.78800961556024,9.01497981840307,0.818431852627253,0.855852127685158,0.0448498262434946,0.0596488527324763,1.29761963749923,2.22665687525055,0.772438331186093,0.975390389051223,-0.583105180788107,0.646081339885436,61.695993018796,5.83609674285435,8.00613714213806,5.84856121789666,0.543808146806361,0.910415386889195,0.71835379456891,-0.334504774207054,0.126973220361032,0.748998450240458,0.579594679323502,16.8775500115985,0.000406689104939609,0.0211162203132746,-0.00077245436786795,0.926691234489753,0.00352712337481239,17.9050443703335,0.569006646310244,722.498919930014,728.018733079501,0.598047877161943,1.01282432708694,0.510881556302613,30.9006975226011,9.01497981840307,16.82709594765,8.78800961556024,2.20698218108675,0.487563979404286,4.7756517807945,0.641892108887026,0.527971614720165,0.884442779393912,0.422966879197324,0.355943434004232,0.0593729679097938,0.0791170542985455,-0.245299596692251,-0.415896233800432,2.03786642924236,18.8645590196704,2.13773967972976,-0.305829343078087,2.08743464288717,-0.393606916881333
"11",4478,"QURU",170265,0.0261202246057725,0.0341613511624313,0.227018402195625,2.33548544924747,0.0981443406915837,0.112485624763096,0.287343227801643,1.59589807713057,0.0668287241890344,1.12349298717052,5.72438283566692,2.04559872013793,17.7825266324647,16.7503482627318,27.5019077301045,27.0968703920493,1.38925503944644,0.958417991761079,0.775294232957671,3.79423498646809,0.827118938668945,3.52628558429891,0.390097407536339,61.932936378373,0.112547230430826,-0.634894762573206,0.217690098994278,2.68949930874907,0.68865805672499,5.66873980781221,0.868307417792536,0.991454804438197,0.999353030995417,0.999945109533608,2.75614118309966,17.1069688360746,-11.928849754138,5.73611664212804,6.10150561512715,0.720387567975255,0.75819581466374,0.100240020811768,0.133843100607441,0.888522814179883,1.70574056312047,0.65128927273182,0.959107405341657,-0.585889976000211,0.659023264360368,59.0029442086094,3.67272353783678,4.85568874607881,3.17608813913744,0.614492721435423,0.882206417739885,0.602437542902051,-0.427052906787118,0.179172850323886,0.744847589178352,0.515174383893579,12.1206369885956,-0.0226064149430912,-0.118502015862937,0.0154488427320195,0.905912697453044,0.00273021929219621,11.8624015208818,0.579295163798775,710.138291020258,723.489241813539,0.611394641889208,1.02158295474293,0.533286458246191,17.2083164999758,6.10150561512715,13.0813009334421,5.73611664212804,2.55742602950863,0.412645980734906,3.22241730361549,0.568543900416387,0.481788707557416,0.712177558473748,0.465475466176751,0.382605220599668,0.119050941626425,0.159511092018765,0.0841344541792226,0.176159353599674,4.14576843261193,22.2034237083811,1.70474771453398,-0.170708437730915,1.48723428698895,-0.202695486849109
"12",4478,"QUSH",150171,0.024193398998431,0.0338065460583882,0.192986655419666,2.6994705636028,0.0833242950390433,0.0937090786584949,0.257375192608999,1.62026123064456,0.0558035474884333,11.9769600480809,6.67805414595232,1.81187204137396,20.1393965793871,19.1826276393677,31.3630887408981,30.9853265001077,1.50634424661501,0.953941902641696,0.798840516608112,4.23714191467105,0.920966103187715,3.84078012808447,0.382541690987767,78.2214602778027,0.129255470103818,-0.639166084729227,0.255491032820492,2.73483291523882,0.72857930922856,6.60723010206287,0.833469163186293,0.994256098691167,0.999662673392273,0.999978997813466,2.79962007291701,19.595105467749,-13.6793095933042,6.60036165420511,6.9358802317611,0.758042616362638,0.783670296785399,0.0867194953680369,0.11383917773096,1.01886397990101,1.86413774872939,0.687419975620583,0.969274901597204,-0.588119408094918,0.676011147633937,3059.00845560649,4.20103231521148,5.48784327316713,3.61307212755647,0.607273189327099,0.901075921885526,0.640593442456811,-0.431274854356517,0.179321755630862,0.758363741816874,0.542577052428855,13.7488541401381,-0.0236969780790925,-0.150948736667148,0.0157195371902051,0.917439374554035,0.000351984644429235,13.7701614935839,0.587453172256291,713.286233099256,724.561951625268,0.620145015752382,1.01606430466499,0.541529611887469,20.3548454784064,6.9358802317611,15.1396939346719,6.60036165420511,2.6063455232817,0.40202636935002,3.55725815329441,0.579296760039936,0.485390835561377,0.724578037003077,0.466531807006972,0.383088756476373,0.100290148752892,0.132032032010144,-0.00153292022460318,0.00487416244038093,3.42973532614486,21.7284374487862,1.79418251739935,-0.19682891375527,1.58127805007642,-0.237974083115029
"13",4478,"QUSH",170226,0.0233100390789639,0.0365338546833719,0.154241242446527,2.02766003072113,0.0672635304067063,0.0733857280596677,0.217851633897264,1.51755637509271,0.0480504310028525,1.14550969413977,8.67836973786884,1.70768900017728,22.805654548853,21.1677674407356,35.6741223527913,35.0119876094993,1.65556915225579,0.727874286085878,0.832314811843002,4.99522555081789,1.15179535160517,4.67365356558194,0.413449719912472,109.75493619742,0.160053432586103,-0.704655665910179,0.258976969787262,2.47264331115179,0.778648706336893,8.36431215692114,0.86311570275857,0.995476720122454,0.999768519914143,0.999987557440546,2.52967785969864,23.5648373614091,-16.5540936051891,8.03755366214005,8.62363024719954,0.79874424893708,0.819706454903863,0.0641240215127184,0.0819982358696086,1.33672174697453,2.2645757452732,0.740552322754428,0.977080231197062,-0.585558309757485,0.710815794309257,1103.9552639793,5.1395091481971,6.82469127532882,4.4998829303342,0.632705999007948,0.911204590415071,0.690665670178785,-0.396852452649686,0.133889681329105,0.777435365192177,0.58675537939498,16.3902865093394,-0.0155160359847657,-0.126756750195846,0.0105293114892286,0.922362028167287,-0.000296666114217115,17.3116987760696,0.609264598150527,717.790766301412,725.738215901068,0.6435708417593,1.01187776297378,0.582857640946559,22.5338814758968,8.62363024719954,17.5770348368254,8.03755366214005,2.38838153301331,0.444106457504458,4.14548161783671,0.649945415508448,0.495783006908165,0.788973116896561,0.490179765680541,0.40938285830021,0.0811519909256759,0.103922672596537,-0.165051248800257,-0.275786149246738,2.77310789177497,22.6710467332793,1.91142838778482,-0.232096294400539,1.76889120223262,-0.288078826323679
"14",4478,"QUSH",170277,0.0256370250260659,0.0357787422649339,0.203648934427026,3.03549633273108,0.0767742803412704,0.0906664179503198,0.248456810306454,1.67185266612096,0.0600688080350226,1.18482583965206,7.14894676806976,1.86496384007544,21.2385891195145,18.9550696438814,31.290414967045,30.3514008567592,1.53941036577805,0.830892081299945,0.800097620110183,4.31836582896812,0.985283398226765,3.33016978155975,0.340849723659056,74.364350894148,0.139922092301298,-0.68402817720419,0.254260204554619,3.09455684009197,0.717643345023865,6.29316758530927,0.860661861470663,0.995265094052782,0.999748626199917,0.999985961149393,3.17070839108552,19.5782653067949,-14.5527337625838,6.4744878027334,7.31480829139854,0.753506740124277,0.787160041073471,0.0968893501127855,0.124273290369803,1.12046680876041,1.99843515608158,0.691895111912548,0.971057806895808,-0.600027594909291,0.709054855241856,186.481084615233,4.34447972134568,5.56790299264698,3.66785196954622,0.646785723420694,0.909784416360118,0.64977373691062,-0.479689112080382,0.177513281680639,0.775402822772005,0.5578101641838,14.4605187120206,-0.023864235328221,-0.162403925417675,0.0144360158985294,0.925172953731756,-0.000405155450047742,14.5531150538547,0.606943627242386,713.757105362395,724.687931663482,0.641814834868508,1.01508478320866,0.569823832433729,22.4311765896341,7.31480829139854,16.6075376382646,6.4744878027334,2.7438117112055,0.384077337733182,3.65380861872193,0.562998257004153,0.453130066360282,0.726324181838976,0.49547810247234,0.407603190981063,0.110796246409461,0.142530019798058,-0.0159579796605631,-0.0227802990954442,3.91076688268001,23.2605874408352,1.81440589255586,-0.203223487375591,1.57266773547949,-0.246950550503146
"15",4478,"TIAM",170380,0.0302771021910863,0.0412270619340931,0.200831943469942,2.05670208754817,0.0787160570121845,0.0855855692235752,0.265698670095064,1.5801332767381,0.0595961512341321,1.1522849159989,7.03263016198639,2.02588125197183,21.0259402099043,20.028686541095,30.7735413623076,30.3380029239166,1.37296957527976,0.930374807804956,0.798401030126752,4.27035251592943,0.611238896896485,3.50389973867506,0.395154831304355,75.7156465912479,0.138014638571347,-0.695345805942873,0.234333327894082,2.64743566459085,0.734357040346637,6.78604873917497,0.920027550189541,0.994623611192824,0.99969557023685,0.999981763532297,2.72464377532146,18.6427002706905,-14.7511412716227,7.02044750197038,7.41067868473701,0.770335291912954,0.778905293290042,0.0890589061005604,0.112423960000075,1.16161478242771,2.05270462987897,0.692369905811144,0.973573660108956,-0.594404448529983,0.738712978943847,86.576529228079,4.24382825864739,5.5765195847289,3.46043727920201,0.688075544333676,0.904023182268799,0.644100788675567,-0.428569540992539,0.148149348937321,0.787678656154264,0.562207706163233,15.4537401231455,-0.0235295383275138,-0.158201475121934,0.0150916321592051,0.919799071023123,0.0024590035704157,15.8037942312035,0.628704813364761,712.502300080413,724.171950335527,0.665505958456364,1.01377300473937,0.620677211885841,20.9272665358202,7.41067868473701,16.0697291455474,7.02044750197038,2.55879679117109,0.419942094645861,3.50910451399629,0.64567072362238,0.459320041922814,0.765112954803115,0.519451943288074,0.432774261802707,0.105578928129232,0.133759213339878,-0.0158122681994506,-0.0218497397059488,3.63854747650486,24.5273027785269,1.74607613504484,-0.168325656636119,1.52743137353379,-0.202763383737086
"16",5995,"AEFL",160338,0.0231748865791447,0.0344132873059718,0.17066854121257,3.38725290091853,0.0709275861817746,0.0775919421541266,0.226467456072409,1.61152241973115,0.0495138489181336,1.16670411404939,8.09542023911037,1.69565386339973,23.3004483354559,22.1052756335591,35.9727374642095,35.4930538983242,1.70483532904679,0.750123288830024,0.827720925413599,4.96405316384724,1.07727261315331,4.37882632427719,0.388624832210673,110.08967019605,0.154475868013861,-0.680135596655049,0.282615856108505,5.79834632169683,0.767434772184039,7.87560071967777,0.853319457820456,0.995807435558124,0.999791871294287,0.999989215889131,6.16725696008318,22.8560572091046,-16.2503941401097,7.7219031996693,8.1317167014738,0.794182631356513,0.81328640996499,0.0758105115772489,0.0967762205744406,1.22465700049316,2.12791431319722,0.720112996136364,0.973394240079484,-0.591595152540474,0.710860379570219,60.3915786525269,4.86939964867509,6.27260335421453,4.28717659590619,0.634698601913535,0.914877481161644,0.676665864790309,-0.424848874170489,0.188834168580083,0.778338745322158,0.572264586524766,16.0421807145972,-0.014670400932003,-0.10117397139242,0.00932175309968855,0.929733175426281,0.000624426290829854,16.9869418278793,0.609422408285681,717.327102188203,726.402045500804,0.643569859137388,1.01383678050813,0.579802872684398,84.2610295761047,8.1317167014738,17.9183811035195,7.7219031996693,2.58271417457202,0.408728896286205,4.01916688076662,0.589555737499494,0.487299069991399,2.12573780506262,0.48711249385637,0.407764807443044,0.0884455711108405,0.11307148883458,-0.111544448779166,-0.189266182093774,3.01039543639292,22.3286669964782,1.92660404498538,-0.243608426126894,1.60177894281924,-0.30195279682536
"17",5995,"AEFL",160369,0.02462104618126,0.0340750975200532,0.186385485748488,3.03932262529518,0.0811628588085296,0.0874556696567913,0.254441068236116,1.5786712814817,0.0541334372920731,1.09271265717335,6.83078981361758,1.79138451207037,21.4075913344969,20.6345715047669,32.8005160780249,32.4920538969507,1.5675942952375,0.83374962241338,0.806714083499622,4.38644169252045,0.796317908234711,4.05654746907704,0.39669197377396,84.5630552009637,0.135939245413441,-0.643837297152916,0.215392351300888,2.5719638469331,0.735576148995733,6.82794026913627,0.842682764464008,0.994403087405119,0.99968639527696,0.999981856968924,2.63034167188056,20.0220374280794,-14.0232939074983,6.85225609182543,7.12217788717045,0.768735700086535,0.791439282242745,0.0819064796181282,0.106654022891216,1.04362871561859,1.8966603066784,0.689580713751106,0.965726301647712,-0.594525088242603,0.684849653797481,60.3355148121613,4.25508022673092,5.522126136857,3.74589350352902,0.616319547894902,0.901220894472463,0.644558868546135,-0.410745004674356,0.213890077980074,0.763031565692658,0.546874929102875,14.5005824459686,-0.0120514447788232,-0.0758103502998783,0.00792386909633571,0.921953225871093,0.00420226387964711,14.6750741086152,0.593841224598615,712.103425292277,725.269465202861,0.626923568892826,1.01790763415031,0.555060758555786,19.9350267775348,7.12217788717045,15.3305057632063,6.85225609182543,2.53405799483308,0.4119276659426,3.61755723033157,0.560236536166029,0.475712274417782,0.669620449266713,0.47120156497411,0.393090179786475,0.0965321196715712,0.126003725691929,-0.012645900732199,-0.0180501998979608,3.33400248628133,21.9633263404567,1.82570115410607,-0.206644623309222,1.50482205657017,-0.251172480516209
"18",5995,"AEFL",160506,0.0376594222005892,0.0432851918319297,0.319120857968186,2.28160462329255,0.0952976928249705,0.107806487714878,0.325138613328277,1.72461751138294,0.0796390254512142,1.1172264600834,5.10749360690098,2.51374702109843,16.6087365956299,16.525702955401,23.326988108554,23.2992684840171,1.14134991882085,1.10968272813474,0.739049982865002,3.38406105319815,0.390892499357593,2.36234794804342,0.349232590052988,44.758522512581,0.105711751490738,-0.702636218104663,0.173706002723837,2.91066193418324,0.67930889704825,5.35053451005833,0.990804907868161,0.993474120976871,0.999608516880737,0.999975761614827,2.99199076680309,13.1731035107034,-11.9665761500388,5.70281927754385,5.72861507558812,0.721603875568924,0.720477554981832,0.16086568872975,0.201686069623987,0.940603520595211,1.80686322445782,0.618664140209032,0.967045381578201,-0.598007663341704,0.752462969001235,54.1538749905578,3.27750452506724,4.28512228834319,2.57923770708238,0.751301273212958,0.893267190253578,0.575527764112674,-0.468114702984228,0.170149285130619,0.792485638671749,0.518248090141232,12.9992710506558,-0.0282500040562452,-0.140634286213307,0.0143860334498296,0.915267487461053,0.00433786433412881,12.1472619946407,0.644001384481462,705.26777618338,722.132626343288,0.681500584796061,1.0171709179674,0.646462027161398,18.1691240115272,5.72861507558812,13.8906482894963,5.70281927754385,3.00746761123943,0.351122026527279,2.91175507782951,0.583176219790861,0.440607917230535,0.719280772064047,0.546187000067846,0.463563045693729,0.158443830804672,0.199207525478213,0.156535736000792,0.306173735500773,5.24841516094397,27.3370221215724,1.61856764378545,-0.130531271845744,1.27820883733198,-0.152842151852588
"19",5995,"CACA38",150443,0.0266787306824592,0.0370055554558424,0.204541933002962,2.46634755779819,0.0792041008520415,0.0843342320737402,0.252867880528845,1.60358499348962,0.0579950578013905,1.10505021753166,6.90110277387661,1.92352498555014,20.135465694202,19.4542232695331,29.9761457934405,29.6940333719895,1.57012659043668,0.802726545437995,0.807247505124409,4.39716145637036,0.72767200157523,3.69725425748214,0.394419959298098,78.9776191106136,0.151253472868119,-0.700390568271876,0.195821768279364,2.61058909318436,0.743228515190244,6.99592901298514,0.90758432139741,0.994836522742845,0.999723880672855,0.999984807383353,2.67006449986423,18.5260098842285,-14.4068974417049,6.96824746400603,7.2138207843444,0.773614609537176,0.793212279734811,0.0920189049981795,0.116515942983568,1.15686373431753,2.04522556003518,0.692982636434869,0.96793820834535,-0.595092784004325,0.733575080983053,406.390810191777,4.30715704809867,5.57264526287046,3.75411028386334,0.677824081839321,0.904743594276769,0.648449415521762,-0.417036753780131,0.191689710802753,0.785932328534524,0.562913551003268,14.8452541958822,-0.00995816194011225,-0.0606145649186468,0.00616998590036463,0.924320823258,0.00451382464400722,15.3756347199592,0.624944106320003,712.637569894412,725.316393835667,0.661487090081764,1.01669835379683,0.611005631312188,20.6372607449758,7.2138207843444,15.6536154982926,6.96824746400603,2.61110239807857,0.406599413220922,3.64510095885081,0.569150822298973,0.473096935481335,0.697440421378723,0.501855394693186,0.430236458459799,0.105579821243948,0.133971992343224,-0.0237373229026896,-0.0380354473805727,3.60831281495785,24.0392900601647,1.84043736225836,-0.210901770472653,1.46941265966463,-0.257233452384433
"20",5995,"CACA38",160302,0.021888709372605,0.0344939178913239,0.149544486169626,2416.58210489103,0.0655106171426803,0.0737881579636082,0.2175469082213,1.55294650173418,0.0464093641811815,1.24627767629153,8.72809367293012,1.58948636631945,24.4400388256531,21.9035936482625,38.1324763793368,37.1415286117795,1.67337128047486,0.703571085460633,0.831116928204754,5.04153901396926,1.06507200941838,4.58810212723282,0.379016740452578,115.393778244248,0.153506125174232,-0.658773170535234,0.273112693508599,2.72952323458457,0.774235395924679,8.16945478519037,0.817336581779603,0.996132088790139,0.999819663169841,0.999991309843801,2.77857561172722,25.2060002404215,-17.1139381274712,7.86457853749819,8.7317783286517,0.795343373028303,0.819017177861075,0.0654509024930468,0.0844882321369276,1.27632503526128,2.19167897837826,0.738131683598723,0.977259952887269,-0.591776101901379,0.69034656997389,38.7281539461328,5.20137444823415,6.76931769920322,4.48717243521374,0.603143787470483,0.917357446061374,0.692918054051111,-0.437221433530212,0.155464529006206,0.769825590588451,0.579497307155363,16.3671358867877,-0.00900049087531217,-0.0663710063188652,0.00578268491805105,0.927300451673863,-0.00215801817682831,17.6918319260501,0.59517690573181,718.14925208758,725.803821181132,0.627673670955822,1.01176925647094,0.550953370118862,24.4049821634299,8.7317783286517,18.6810464397997,7.86457853749819,2.49288051619593,0.4212840986828,4.19139758832605,0.622525332312486,0.484394914596817,0.761505501551152,0.465423662157891,0.387995564417295,0.0806489233531118,0.10427867786146,-0.160123905994674,-0.271222995905868,2.79774495435237,21.5358826295066,1.94936173110663,-0.236294964600802,1.70286805593252,-0.295722896738414
"21",5995,"CACA38",160355,0.028995134861205,0.0374475930328257,0.220018624918629,2.3093043864669,0.0853897133681394,0.0956958508934713,0.281607753030924,1.61988768653562,0.061068993939657,1.12761753488919,6.215064117751,2.0028643151461,20.5401730395717,19.9278795964621,30.6769177049539,30.4153707268734,1.31148078018574,0.952615907195603,0.780856207927914,3.93923085393855,0.667667504376402,3.40441143361428,0.378855157741094,68.8118268340938,0.118744176258056,-0.647107472302068,0.202332412028259,2.73493587327589,0.712066966518442,6.11496853211992,0.875702863920453,0.993932108810874,0.999632113885083,0.99997588999137,2.80897377039426,17.897618622346,-13.3402280146135,6.37681986306627,6.61072623095777,0.751102652563175,0.761571044290914,0.101839876556067,0.131627257969506,0.968314326339018,1.80875437628505,0.664902458525677,0.969508867574147,-0.596186965797311,0.695015677109595,83.1561311445973,3.84565787549617,5.02998506474679,3.16219677696445,0.641610034264642,0.898230639788496,0.618417854929747,-0.438997872926055,0.151428279846287,0.766628822959867,0.532398786080755,14.0143384244263,-0.0262057217253149,-0.156501106202698,0.0162906504789074,0.915991634876004,0.00242229389596318,13.6268958926189,0.601287553278213,710.31466090432,723.632382998659,0.635192061092741,1.0159215736548,0.568654669679372,19.4994010196199,6.61072623095777,14.915973236116,6.37681986306627,2.69119576770509,0.391165717726792,3.28939031283123,0.607068950289568,0.458274186087516,0.756580087854603,0.481843253834433,0.403071293986738,0.113366220378381,0.14692575769031,0.0536295968583456,0.104231883150063,3.81870390050244,23.1276568243237,1.72270589727566,-0.163201291481767,1.41968666130484,-0.194968414279336
"22",5995,"CAOV2",160362,0.0324475198543614,0.0422368652627508,0.231658925184675,5761.63451640889,0.0777021946569752,0.0893666181463621,0.275324553719485,1.62683905856428,0.063448685050539,1.13524864264168,6.6972232408385,2.14077712059476,21.0244712275714,20.2030128394415,29.9811047150074,29.6148045136339,1.27785298101395,0.942515189445398,0.781483797707726,4.01519838091746,0.586349247782358,3.02016742543066,0.363239232122837,67.464043832193,0.134339261844391,-0.71058605847509,0.19707056220645,2.86654905173667,0.730359864525194,6.58430356144973,0.939362895844644,0.995383194819924,0.999769227249017,0.999988226901233,2.95713034400775,17.3859449169609,-14.4897032353147,6.77956498747748,7.10454619622637,0.763940681743204,0.764334868110331,0.109906005589773,0.137595711235405,1.13763029351452,2.03281743316103,0.67821093959677,0.977798964148065,-0.599100268105413,0.749989521573643,144.138856181753,4.06807721246906,5.28783626405074,3.22368448997073,0.708921140373748,0.909390241567463,0.63309550087475,-0.460196563955459,0.130720737157689,0.79425600230678,0.557958971079482,15.4067901190937,-0.0364272520326748,-0.234619081373086,0.0207538377129123,0.921813229089484,0.000586882123261111,15.0185647069486,0.637051958427171,711.066512227019,723.674312452726,0.674303628357064,1.01145665336623,0.632891181812995,21.644297415854,7.10454619622637,16.5170395203596,6.77956498747748,2.76559673483481,0.380328128899215,3.39152072373859,0.635567758581933,0.441456707021082,0.784135370190771,0.527409142236373,0.446877236733748,0.119888005512337,0.150285348468153,0.0194399571583218,0.0379169009574827,4.01580909021417,25.6552805992398,1.72566431853405,-0.162686097293151,1.44070403619637,-0.195099935256601
"23",5995,"CAOV2",170395,0.0260440710861104,0.0391263555060582,0.185076642150221,2.27212294038318,0.0679234895432008,0.0767239336278652,0.232776480852506,1.62426757232139,0.0552269858758573,1.17572659749909,8.16713563700955,1.82394324434256,24.9294486954618,22.5038016171566,35.8608723550174,34.8067516890305,1.57324711600625,0.760609366645898,0.815892394585716,4.7074381278384,0.861664094602502,3.65829147318326,0.35270859366584,92.754649573874,0.159216011528298,-0.712270722974924,0.251845296959898,2.91290106496428,0.744105620056079,7.0745281320564,0.879008596314236,0.996022994019311,0.99981014356682,0.999990561866565,2.97739719124182,21.7577694291286,-16.5364611526857,7.40117057625086,8.3278967969859,0.780970565719443,0.803603493690573,0.0862502302706229,0.108627841353489,1.32716170092218,2.25762866133121,0.72137830290687,0.976556592713433,-0.608134707013828,0.73427999120883,99.6585081845463,4.89148611442333,6.30398002190429,4.09105185744445,0.66977505904588,0.916503290149515,0.678046566670561,-0.461007102132857,0.132032897541744,0.789275461496973,0.58441003443309,16.9709335199817,-0.0114942557529921,-0.0787865644549467,0.00673206496670929,0.931290547585377,0.00135337739103161,17.4569900241366,0.623946803083682,715.744791677074,724.941915203398,0.659612387000352,1.01215559062081,0.602950478253916,24.1739126820643,8.3278967969859,18.4083442332612,7.40117057625086,2.67603249480016,0.396915924499402,3.96713828430765,0.623599595677172,0.439441586895077,0.79795259035377,0.51643187758926,0.426956951616056,0.100502518292113,0.126713190563727,-0.11776651198941,-0.19549444853042,3.54764832239602,24.186953648256,1.89214784146682,-0.214177533329049,1.63667816089172,-0.265177616119744
"24",5995,"CAOV3",150493,0.0271748005283506,0.0419483471756675,0.188488187301762,1.93729247245028,0.0828568718395356,0.0857514919855392,0.247827878670809,1.49016960008465,0.0589410269167698,1.07360921692687,7.0709112243414,2.05268792103007,16.2127125390048,15.6177562442224,25.4507971647715,25.1842223161395,1.57609506867141,0.741656824919323,0.816767757698292,4.46898310082317,0.651814444268016,4.13377774478095,0.452891912979354,78.3333230351936,0.165293803725637,-0.739833514164258,0.195749784445672,2.2397813113015,0.772713705599104,8.06776598239254,0.964691259909788,0.993347644924463,0.999595001270211,0.999974585263447,2.28181286299117,18.0491583078928,-13.8081800415913,7.21001747974693,7.44423356598912,0.777257114803603,0.803674102381386,0.0741061262158656,0.0940351875070556,1.28502085219807,2.20483560156234,0.715091286872738,0.969956343432879,-0.573557566781645,0.738063108073198,78.5042984407079,4.49165923162565,6.08514137366442,4.05585585235647,0.694865080550396,0.892573745736598,0.659000720272909,-0.355467128279381,0.151215345590054,0.785287236809178,0.578808488641899,13.9514742795496,-0.00282679309457284,-0.016617184372042,0.00175974345237627,0.910865489463741,0.00317361867259507,14.7055952650178,0.631590532447807,715.65212344867,724.877636649488,0.66866341084383,1.01562959957992,0.634823930406448,18.1606990244075,7.44423356598912,14.2596891786219,7.21001747974693,2.2749454190051,0.467604955960263,3.75489200638542,0.628620973081845,0.520571562389684,0.748872217744804,0.521905650869782,0.445440902698574,0.0973701064629831,0.12379588452769,-0.0634756304206956,-0.103089655795656,3.31030711955175,24.9920551495701,1.85188152848827,-0.196173648433759,1.59864284499653,-0.241211216024837
"25",5995,"CATO6",170317,0.020415481818603,0.0320754995276798,0.145687722853502,315670327.128042,0.0687840020012824,0.0731815531131587,0.223717633705844,1.59506489881164,0.0420966313562055,1.13272940183295,8.27517058502163,1.49714905381843,29.2413088024625,28.2575037092185,44.8733061996086,44.5339155683664,1.66974889346383,0.694837062178205,0.825179848152719,4.86844606797684,1.01418813568463,4.9956885583882,0.398091164799672,119.370381588167,0.140009985819797,-0.605699268821982,0.272272755899015,2.64513631545088,0.765106209151657,7.8621941538934,0.755864546713211,0.99589080489154,0.999800237345531,0.999989894783446,2.69718023586499,25.7218365146535,-16.2560410947623,8.07866592048911,8.37978051748824,0.797009546716749,0.81245977829126,0.0643922169826558,0.0853094547580381,1.14837293464589,2.02832723122008,0.730572954770258,0.975606398916433,-0.600720648793708,0.647669735707532,677.02922618923,5.0413776086843,6.53126425547711,4.3233421744143,0.55184706854302,0.915253497488783,0.68610745870421,-0.412040952151138,0.154502019889437,0.750642154853621,0.56384475332513,17.6789008583293,-0.01460011108635,-0.110368747440302,0.0100394906370108,0.931218867356863,0.00288470954603131,17.0266984667207,0.569738893364781,718.413471970414,725.213270568667,0.598666895984281,1.01266378183194,0.507385319667051,23.8274774968147,8.37978051748824,17.9998380391043,8.07866592048911,2.56181255213997,0.412534521630341,4.09173633196693,0.604092966985395,0.462902637621821,0.764796638900634,0.431055382882178,0.356199403728197,0.0749036256634803,0.0995168919215983,-0.13222038713682,-0.229803220520456,2.55376371920012,19.9705105135826,1.93503351272109,-0.226136412849616,1.70640655760692,-0.282579790612924
"26",5995,"CATO6",170359,0.0192489351143885,0.0278890479713249,0.161114086673183,10696.6525583644,0.0872988302539229,0.0943058875129468,0.252011742318059,1.59828096589364,0.0470722033016492,1.14867804972567,6.57823938427652,1.54266024220123,22.1271913089013,21.5437248812359,36.6049250787937,36.41028582743,1.62255625673152,0.820551929975379,0.806931389253581,4.3178770793909,0.997810301424284,4.94566511961738,0.414710953275679,93.0589292066641,0.116842360332841,-0.550792402413311,0.304047996704712,2.51763647947902,0.734397875248447,6.78532801637788,0.729478778577309,0.993137609658561,0.999552756789559,0.999968875016129,2.56646995152333,22.5721841712868,-13.0696981239855,6.66833954157609,6.83850175198566,0.759117114014998,0.792780086622942,0.069034754554159,0.0956775642743014,0.881634924382053,1.68031542977728,0.693510437770099,0.963745374769107,-0.585749844309098,0.591430850331487,89.1415441929062,4.26499121008172,5.62051696320496,3.81615775324537,0.50978899133256,0.89290878003584,0.644167232317567,-0.398128939044487,0.205082921486611,0.718643995363904,0.521407747273013,13.3950876418699,-0.0156265374409045,-0.0976263158066083,0.0122078207189887,0.913275742716381,0.00215991888392891,13.2415426984752,0.537721120549546,714.826086198435,724.850292255046,0.562488154636731,1.01907212017083,0.457467112118699,18.8881711463172,6.83850175198566,14.304795889269,6.66833954157609,2.49413127518548,0.424973599340309,3.62902714895181,0.567831206972712,0.505472383387909,0.686278377445522,0.403397917600475,0.324524747387529,0.0821521010941358,0.11425654501438,-0.00987287452299686,-0.0115082842520848,2.77935106357478,18.340426302564,1.83919141007585,-0.210167397617387,1.61329561995759,-0.255648847696821
"27",5995,"DIVI5",160595,0.0222846839938501,0.0315513866240058,0.245220056000127,1.99114294282114,0.15574991677769,0.16229129540496,0.332247113590913,1.37751186243765,0.0818951897023843,1.08179244967657,3.72731490928755,2.49752836717593,7.60738941541988,7.98361250039494,14.8962320492478,15.0585199918369,1.54885276735336,0.834806019338331,0.77740496046378,3.32938874483607,0.598077293241531,4.30211596822959,0.558145000166099,40.7646201269137,0.110950269048523,-0.628177476921295,0.265887103903668,1.85401776608563,0.692062035207001,5.6423867092333,1.0591988978577,0.975067209248514,0.997029031590691,0.9996406264192,1.88953013907859,12.0470809835021,-7.79361907803061,4.54680929785393,4.40437546654878,0.665499702897229,0.760338361621917,0.075926599697234,0.110197809841404,0.67913866630695,1.44033267343879,0.624228220469105,0.935115864879674,-0.526002123303002,0.594801589707031,32.22963397654,2.88776602520585,4.35199339571746,3.14068312940452,0.581526180310449,0.80149184401226,0.539740251400774,-0.27895979422033,0.194550553919712,0.686794229905491,0.468279446446424,7.35005418029217,-0.00639068935781771,-0.0225750743709925,0.00620742357878441,0.833075106207646,0.00557355354882164,7.28899182048485,0.539592931165927,708.772875062089,723.855357437637,0.571200318447804,1.03499979081697,0.507995876463697,9.40889594622053,4.40437546654878,7.64352762427976,4.54680929785393,1.91604711010082,0.538981804133782,2.82334906563109,0.616446077010217,0.625519564017846,0.679060436938123,0.43997092420196,0.364033475790848,0.116237199057462,0.169362718162156,0.193592558305389,0.418713693021943,3.83730145801264,20.8605081035273,1.65961265705489,-0.157186705882111,1.47339117310796,-0.183700052488461
"28",5995,"QUAL",140528,0.0281174459183025,0.0418349032022428,0.218820004065304,1.48851975918332,0.104038286063907,0.109159336830943,0.273237927972022,1.38926209842303,0.0742516054891483,1.05115019624206,5.77216342916078,2.39721052473655,10.8783857095215,10.3273183013006,17.9509048046173,17.6836838500997,1.55630875136805,0.789096744338648,0.806272394138328,4.03249385325771,0.670902092618598,3.94199303551682,0.49963126064923,55.954270452458,0.161293096366668,-0.766858626059903,0.176968790589507,2.04113146938184,0.740131301500038,6.96771912529276,1.10817226034039,0.987673481788688,0.998890263319342,0.999885540488203,2.07866877193957,14.4331068655608,-11.2951349032904,6.01226817551923,6.24853675461143,0.736516076199419,0.792667978432914,0.0754454443701571,0.0981845733079014,1.14413445774477,2.04482445766654,0.700725457851572,0.97305177855958,-0.548916738537294,0.719411848495595,132.949084680086,3.89258691769399,5.7739057689822,3.82704769617179,0.714656909597411,0.858725687758366,0.620700436156948,-0.316007036044723,0.0805371699165173,0.766771159192559,0.554199977894043,10.7334844495056,-9.59206710162904e-05,0.00475559265724888,0.000179537510276207,0.874816418558129,0.00157980147839709,11.5269296050242,0.625724518916122,712.828488075804,724.636151918411,0.662556128673998,1.01416628345967,0.642784003188512,13.7757399935122,6.24853675461143,11.1538518650243,6.01226817551923,2.04329519364688,0.51753775702752,3.42060916350013,0.733516483805657,0.566219354327561,0.861493806794766,0.540929601522008,0.452756387793925,0.110838760793362,0.144658828425984,0.0570155105950901,0.113942440620297,3.72974244152956,25.6581290741357,1.78581480618509,-0.185920136769688,1.57508334330236,-0.224751838321393
"29",5995,"QUAL",140555,0.0318947821980374,0.0437608204250487,0.232029449505981,1.48661725354068,0.0939172936212406,0.104420790514947,0.283830558426204,1.43077051234745,0.0754113900798847,1.07609115657099,5.86444692471032,2.40079996431546,13.2648956962736,12.3567847170505,20.2912556651839,19.8457253838449,1.34870455373211,0.874107618560867,0.7861828290955,3.85075377890994,0.526744890343361,3.29198832501249,0.433028260319712,53.0354270137352,0.146729866897878,-0.752855632429615,0.158636790514997,2.36622195895762,0.721589238668839,6.37029874005738,1.05893571604975,0.990933978642281,0.999326385769921,0.999943414000642,2.42686293135385,14.6359133649864,-12.1664700815683,5.97963910606365,6.38067961982181,0.73387535652488,0.772284483285077,0.0912845913416438,0.116651930255653,1.12833791913127,2.03004584246071,0.685587744757302,0.979233776623732,-0.566806501015787,0.735074358255484,45.9159111960542,3.81130119867189,5.40908457649105,3.35547173611021,0.731206890207288,0.8762426810237,0.616929847239815,-0.387047679790158,0.0630181858102574,0.779136011602375,0.552374084382452,11.7965185932294,-0.0133448802613654,-0.0762161865154454,0.00923785696453309,0.888755706522153,8.03618930677946e-05,12.2099837434049,0.634986616625404,710.802563740563,723.800703533128,0.672165087746202,1.01084019340799,0.648213860754637,15.5957145329198,6.38067961982181,12.6590477172958,5.97963910606365,2.25987773388853,0.461310139109222,3.29950581399511,0.749363252434001,0.509766211878627,0.892393828606992,0.538765872302499,0.460106746308619,0.123475248219797,0.158122033817244,0.0754141274291045,0.141179378769541,4.22278132212619,26.5070933604811,1.72852704904188,-0.163139235515612,1.45911574944429,-0.195386977221402
"30",5995,"QURU",140443,0.0266810437819352,0.0372414393591401,0.21099713602582,1.68077069310611,0.0932203260458194,0.106940584941179,0.276379423772123,1.50006266663137,0.0686565857500243,1.09109075262232,5.97155135014957,2.07304466385282,15.8994170964557,14.1288886169367,24.7075302080786,23.9530366320519,1.48457830926132,0.834696527536563,0.790796465979814,3.96549117899448,0.627156386968861,3.56772186477707,0.397562997809252,61.0008424799408,0.132686644731074,-0.664854896709564,0.188602261084216,2.57301005012164,0.702123625192877,5.88945438448251,0.923626010066454,0.991475144339849,0.999381860197235,0.999951218758424,2.6262220908298,17.0457135912392,-12.316621236361,5.76571781435678,6.44010125781282,0.724833225537993,0.775951919560057,0.0879058227126406,0.115583291703704,1.00446118356595,1.85779402405951,0.683961971180651,0.975646518370663,-0.582224969610293,0.682726447028833,10.2588032500327,3.88351478982201,5.39208213610106,3.46560488770486,0.644886453054224,0.880637348645209,0.620802517096772,-0.416257416721366,0.089429152514734,0.756061309502212,0.537059173967885,11.8038043593704,-0.00474529027770256,-0.0246203652646851,0.00318427453605038,0.893029699702031,-0.000778816451466057,12.2232502619319,0.594900820567201,711.725192215036,723.81535501361,0.628968684520647,1.01267095226625,0.5615991890767,16.4627026410997,6.44010125781282,13.0526787901709,5.76571781435678,2.37225331803565,0.443283492505629,3.38071395281014,0.701413843812647,0.493895045973274,0.849251701602179,0.482234545549945,0.402574175977018,0.115358117757148,0.152118902612448,0.0640553002273667,0.124949314169354,4.06783655021757,23.3544827793289,1.76989545890955,-0.173598813393902,1.4938425739386,-0.209328945614217
"31",5995,"TIAM",150469,0.0141570864717769,0.0232393560166489,0.223129348529905,2.16742882021625,0.237183678404517,0.234710484630279,0.373123474543812,1.14905231146806,0.0855580285577347,1.0357409090859,2.67016394966254,2.73224506394383,4.14324285334609,5.31762396862685,12.1234493156477,12.5347216344946,1.93736397835805,0.746555239643117,0.824392569172545,3.08756910502387,1.39301947561433,6.85596276632918,0.843090779606922,37.9232972289388,0.102558780084487,-0.563960533297389,0.219091288923954,1.23942134559716,0.726657858049474,6.63600531332311,1.75507394212899,0.91627776593679,0.980042001603308,0.995152167692376,1.25611771636206,11.091011862181,-5.66597477619596,3.73944436790263,3.3811266512756,0.609785520003402,0.80286773982938,0.0328941622638615,0.0583631065933738,0.439046463814233,1.09354067955369,0.603839453792693,0.846745902799588,-0.476677476759561,0.449010025074046,16.1050498719543,2.33720161328736,4.14283043516942,4.05439576104879,0.427557843975833,0.665494461390981,0.473811375567555,-0.0922770406652293,0.266582241697992,0.561477546925505,0.396106592086416,5.00135551934868,-0.0127069377965821,-0.0293376215470054,0.0230198931033155,0.74068788213988,0.033676950233407,4.96571861289264,0.432890976246118,709.955722783754,725.669632877722,0.456891526881263,1.09359663504706,0.402963702076666,5.33530195672539,3.3811266512756,4.65366217265573,3.73944436790263,1.39224172477517,0.755498489429424,2.51200755629854,0.603180153130293,0.763204209796906,0.584335997576638,0.352813284342104,0.277759235831605,0.0675037049362968,0.120860908914372,0.208660318191645,0.541457170673254,2.31066360836604,14.8874864234705,1.61955992686252,-0.149335901952738,2.39653843721179,-0.171759836641053
"32",5995,"TIAM",160346,0.013785799171524,0.0230864301868359,0.187019649559319,2.35302038923631,0.186157532484933,0.186421044817761,0.318387600737549,1.18656831595765,0.0691899548556641,1.03155269576211,3.49092738847241,2.25526113084197,6.00339034404578,7.38167638449817,15.956699072894,16.4308873898129,2.00221282403208,0.69201788056407,0.836374843579,3.63842472764135,1.28762441040495,7.50306049115729,0.774225646795377,55.4284651904584,0.11303802799433,-0.560843462999863,0.266309487815281,1.32610605982738,0.745675811837899,7.21175962054211,1.05682038680086,0.952107935691114,0.991616534628513,0.99847595442375,1.34524366461341,13.7529364887928,-6.87784092471969,4.47426884519335,4.06402526239357,0.669977347584194,0.817042922861404,0.0336653658423921,0.0552540364457164,0.543609744332848,1.22967702761219,0.639248518101776,0.879003085279083,-0.49949465423307,0.489107693609797,18.415387298911,2.8669532826712,4.64353474946432,4.39721060600795,0.449666434980075,0.736866702988594,0.533880927654731,-0.124274429825068,0.284124871477123,0.610845480852946,0.437725386069399,6.24825964081431,-0.018485348583672,-0.0596022732162099,0.0280328888438545,0.800642598202968,0.0259503224847052,6.21739442088188,0.466063833372546,712.657962999326,726.956967291949,0.490695123980834,1.07006793308653,0.425104575094487,6.95361057017032,4.06402526239357,5.86294002928817,4.47426884519335,1.47968120290475,0.69996835665818,2.89684927188421,0.562983873482974,0.722928883578181,0.562359315127605,0.358977156299644,0.292459868913167,0.0654212886864397,0.107765682473804,0.159120377156832,0.375497515423396,2.24552729565375,15.4612991225031,1.72636603038223,-0.198237871289049,1.77479322766104,-0.232721451025456
"33",5995,"TIAM",160481,0.0169666733799931,0.0264343660887549,0.1732244625402,2.37394251614437,0.14139932829048,0.146179492620304,0.298684533563771,1.30112522623844,0.0600496637780054,1.05569930071295,4.36247356235786,1.94673204822939,9.9886066062888,10.7196309075332,21.2439795296161,21.4945949760149,1.69813037384727,0.76232816644591,0.813733262169837,3.78645833079287,0.81006227911151,6.40420571082296,0.622294789008782,65.1820944973291,0.10908471223998,-0.539193772957643,0.262709036710557,1.65740682395094,0.730425221695895,6.69190731733583,0.846810212931043,0.975497228364828,0.997012829792619,0.999622025515569,1.68495600337841,16.4042309214081,-8.61447722333843,5.15785422289155,4.93796781119199,0.70239801159325,0.795461648050569,0.0469493620890485,0.0711219185460798,0.651192353232922,1.37383640454342,0.657387298543682,0.921502931693128,-0.533661290951819,0.529919669519873,36.9852282877313,3.30029388280568,4.91211113447318,3.87464234474301,0.477216783948103,0.804908524237662,0.5757250853242,-0.224993418034062,0.257692965375481,0.658507623706191,0.470755916730288,8.16573151455397,-0.0118302603342855,-0.0454354019928075,0.014393219038555,0.84928966748322,0.0133012831826133,8.10357840758846,0.49698323430916,712.074263105526,724.972592362266,0.521661707597192,1.04325137069282,0.434600751898879,9.71466938851126,4.93796781119199,8.0164476567385,5.15785422289155,1.77538543065296,0.592273197174288,3.1227341627907,0.569925978246217,0.638997269214672,0.598332899030019,0.378163202054425,0.3053504709746,0.0768641128183435,0.116877398158355,0.114050233018691,0.24992941351024,2.60696516914008,16.9555681000356,1.75193857134124,-0.181527221942943,1.67768586544893,-0.215763752568606
"34",5995,"TIAM",170380,0.01580534906017,0.0267783438034003,0.135246776985288,2.89895458389462,0.101524262429104,0.106256247397333,0.236629591235459,1.35364421156358,0.0475032381070405,1.08115470401732,6.62475575501611,1.60382367179208,16.9664477229952,16.6371899081717,31.8155587899652,31.7203518615957,1.91488911973815,0.666365946407481,0.842413833661088,4.68027535451179,1.35754718373752,7.14759124530836,0.564227688986515,106.67386408712,0.133055298781086,-0.572312908156405,0.355593323187462,1.87314376812186,0.767136756554837,7.99088153755807,0.786938131656948,0.985268484530618,0.998320433236311,0.999771863205411,1.91530488333761,22.8484370761564,-12.0345970647476,6.74909461021903,6.82778796047997,0.758453106108972,0.830253030820774,0.0404137500803473,0.0579221381263507,0.922178765712977,1.73596124035752,0.723036246267327,0.945698340341786,-0.553093246114692,0.565297653210255,3.49999086913961,4.47820014719588,6.42156852575953,4.88517431896114,0.488250687539166,0.854381822412942,0.652666584523688,-0.273714153842024,0.228304541875534,0.692863335726441,0.525303449381759,11.8465002420551,-0.0158519870472893,-0.0939058606767013,0.0174554008913213,0.885759014131849,0.00751104766573535,12.0674343646886,0.520513401875916,719.138560067934,726.255969739984,0.545244087118084,1.02964281102675,0.453325310486364,14.6017009954411,6.82778796047997,11.8655134647031,6.74909461021903,1.90249590780422,0.566455666537265,3.88003968957324,0.596289874478835,0.592264678999039,0.65131172900358,0.401842828186395,0.316932754228456,0.0620104291056404,0.0896873786110679,-0.0358826043082881,-0.0523820601142485,2.20245505558849,17.3942595725851,1.92594447876936,-0.240021652351172,1.94307002780857,-0.296376999561141
"35",7995,"ACSA3",110114,0.0340220836530018,0.044552561176116,0.220330516270857,1.86398353550264,0.0741337556710178,0.0815640390813971,0.262275108878487,1.53655125950709,0.0620934494457069,1.15534506085794,7.21953410690657,2.22843153336969,18.0401438722006,17.8402928963296,26.3835797485459,26.2816848358718,1.35229395650448,0.907555888122992,0.792194442703304,4.16515890982282,0.577596152420848,3.23480868710941,0.403099521393493,70.9240282613634,0.161231783232891,-0.782755496331339,0.174327552679745,2.54357065436621,0.767166123321007,7.83266940928204,1.00595206388845,0.995091248957261,0.999737282165999,0.999984362973675,2.62168631298877,17.0243557528876,-15.1733438895314,7.49510208545462,7.58544524046424,0.783406597420493,0.779884261264875,0.0974065755670335,0.119865712995431,1.32501681217088,2.26713689723689,0.698542467028125,0.979967312977306,-0.579798561007123,0.781627902613275,155.963471198396,4.31979523801282,5.70924170118471,3.52145529438264,0.757094312706261,0.907232486090363,0.648729210618061,-0.416575413769782,0.104191166871657,0.808951746631461,0.581621581359801,15.5556301416237,-0.032582248284548,-0.227273906672427,0.0191763761343822,0.919472001088425,0.000776250452079778,15.7767815531126,0.662637662740615,711.673970628296,724.326181913672,0.701134869280145,1.01034441967548,0.690440689642593,21.2406616384,7.58544524046424,16.673868397954,7.49510208545462,2.57069084114931,0.408205853200826,3.55952764148668,0.679215336881126,0.484225012620979,0.827916735852485,0.571752042140883,0.485760386395741,0.11212548934835,0.138181257912013,-0.041481321695551,-0.0660559493310192,3.70097864444123,27.4909057813515,1.77998139178,-0.183372308027456,1.44423070266401,-0.221584850798984
"36",7995,"ACSA3",130196,0.0390395307585145,0.0452808930822569,0.263059912982786,8613.76756826138,0.0778300471006396,0.0912625181351815,0.293898202258905,1.54519807419221,0.0721187135217825,1.09813860083825,6.3561130519013,2.43926258594542,17.5064829518303,16.9404381701453,24.7100190484802,24.4334962101573,1.12453710277201,1.09414683227939,0.757728836455531,3.62856733553601,0.553285229553576,2.5643236699928,0.363848301450262,52.9445134159819,0.131905136220247,-0.767435099282682,0.137523892498479,2.78733542068817,0.728548044212613,6.49206587130066,1.01910416939643,0.994609525562857,0.999706875535691,0.999983561736613,2.88821157641911,15.0631569710126,-14.230148860561,6.53303814014361,6.78085133769493,0.75326292140817,0.744540970587526,0.123401044671337,0.152564639675335,1.15567144541812,2.07250700793773,0.661861650645476,0.977527340000181,-0.58934908843521,0.773731532285432,-118.327124535087,3.78250921748075,4.96218412344946,2.90156878900199,0.768746980768336,0.902505943830989,0.614694442719638,-0.458734105290417,0.13296172247118,0.804585212355398,0.555195714219965,14.4341371750538,-0.0384901169111989,-0.240771170395932,0.0213400861163976,0.915549089389036,6.32218343506747e-05,14.140598509146,0.659707272640939,708.466715692259,723.058989815448,0.697671473155596,1.01160587528653,0.682062007375535,19.9980105565042,6.78085133769493,16.0077990936427,6.53303814014361,2.73935433117152,0.377138989945578,3.16524626918819,0.670022456013648,0.453784653129137,0.77682394100973,0.570769960702582,0.485630138002199,0.135809121492003,0.16811393739673,0.0696518200943411,0.128798870072204,4.51146531625599,28.2123532854966,1.66227261472654,-0.146726749014404,1.32499663854112,-0.172918406660632
"37",7995,"CACA38",120188,0.0247197817364129,0.0372905141025453,0.171921186483482,1.98419450480103,0.0856911969658267,0.0901236439697244,0.255991068042573,1.51417004769271,0.0539073998025565,1.08665182978081,6.84467328257479,1.84785486594522,17.721911433357,16.7406488871773,28.8610617506449,28.4604225548222,1.54303828216183,0.77025188802878,0.811316035953334,4.36086528151271,0.587332882845044,4.41262538001383,0.438721900114474,82.3937725849791,0.139729097787796,-0.642699073344427,0.241898597872538,2.3336098052795,0.757174539211788,7.48961893239409,0.863544732971039,0.993132897539204,0.999569376674774,0.999971810018335,2.38479116776699,19.9591827191374,-13.4186322538258,6.92085884053975,7.27398510946375,0.768383786653132,0.795523302255199,0.0687877263921019,0.0904491014278856,1.09462465057773,1.95927109580819,0.707292647072688,0.969551337515739,-0.577367357451277,0.678170201644256,59.3581351551253,4.36551642783136,5.90531007801377,3.87196440668593,0.609507198610563,0.891358658459137,0.651710381876521,-0.370322326636384,0.15023870909782,0.757326933409929,0.555137031191365,13.4133260263808,-0.00420695006065246,-0.0247688917076432,0.00288031361537097,0.907527690194464,0.00168832107037508,14.1043973054176,0.589564503125362,715.26178751054,724.377064253586,0.622921154200999,1.01590715174911,0.552320758324699,18.0525800662349,7.27398510946375,14.1083426048855,6.92085884053975,2.30370851822555,0.460448519538112,3.65475566716957,0.62860316247907,0.520485848860356,0.756904564582683,0.4690412953175,0.389446488264881,0.0892920185163486,0.117675879247678,-0.0323303931941488,-0.052413753398494,3.05453147126066,22.0289402668692,1.82920245779013,-0.181802195898362,1.58584666203911,-0.222877698314109
"38",7995,"CACA38",130202,0.0236038996146016,0.035902592782396,0.172504326849902,2.35195135253373,0.0737493006166443,0.0818316746665033,0.233162584122981,1.58902776022625,0.0516364404433558,1.1206440450196,7.6746842700293,1.74385471025106,20.2586583719722,18.885902992856,31.9481099243449,31.3717170669731,1.60017035637844,0.747359897318827,0.820833968471616,4.69923138007416,0.978996600553143,4.19684537076309,0.393012019320115,93.7820156259244,0.152559545638241,-0.677983522843403,0.261284791760517,2.63349971312599,0.769356378564807,7.91059895395716,0.857268896908234,0.995352057289197,0.999762891262642,0.999987482746925,2.68279270071452,21.3873367825192,-15.1572722820096,7.3161280884631,7.81968933880153,0.782541430324416,0.806510229479796,0.0756557739528214,0.097283508338915,1.21036169436081,2.10655877803589,0.719455743745434,0.973983529016944,-0.582653914168634,0.704906720173154,41.2050087241364,4.74632090247495,6.1989996247669,4.12317140821833,0.629703187761987,0.909563637669478,0.672389692172114,-0.418895299159691,0.18357046174695,0.774065085651281,0.571788510858005,14.7271708143962,-0.0119833481546592,-0.0874780197922818,0.00779128523265466,0.921287474490859,-0.00178293057427947,15.6824740623307,0.604704225406176,716.575108237267,725.371861562573,0.639046146749197,1.01348404607551,0.571032256673573,21.8538630424609,7.81968933880153,16.6782017654659,7.3161280884631,2.52727646007761,0.420020419524838,3.90213474921009,0.601851847762486,0.500397294072204,0.709285129532375,0.479794140987258,0.402426156081642,0.0913044680462657,0.117584640465383,-0.0918618616862082,-0.156250120021483,3.09156372929555,22.4832413578693,1.89406753471888,-0.221882718408223,1.60833866436917,-0.273509224727786
"39",7995,"CACA38",140215,0.0250357039688925,0.0343669452701487,0.187268629513741,3.2740478663867,0.0709055821508237,0.0808311400350016,0.248917173371086,1.68018754833798,0.0504854194374243,1.2228183444335,7.59995372858977,1.71017541121036,26.5810717546127,25.4184786641019,39.6747183466083,39.23036814163,1.47183266256417,0.860469847410865,0.802261875186035,4.4885683044281,0.874724618803481,3.82264560633338,0.353815539216247,99.1479990017235,0.129495884053356,-0.630488854625776,0.253853113665257,2.9624505464898,0.738948290781751,6.93984641094468,0.814448517307847,0.995963096159141,0.999802234846305,0.999989804313007,3.03879785163863,22.5883517652579,-16.0803899310061,7.38152444245257,7.77528020461305,0.779380449357276,0.786268433326823,0.0907814171131863,0.11747477500549,1.08472100213456,1.95172619179833,0.69980775951955,0.977832843506087,-0.60380858276888,0.68594329417035,64.0118099668727,4.53125243267248,5.81519381010683,3.70188857906417,0.605215076294419,0.916514644408082,0.657463429062359,-0.463663423321354,0.153463887318694,0.767858797693389,0.552709607050606,16.5389823323285,-0.0224140100293809,-0.151222735069796,0.013248200415253,0.92743515474644,-0.000838220789558235,16.796397144852,0.592788481300269,713.413327072988,724.61967479063,0.624965067940852,1.01150345274229,0.544102094616482,24.7367102264843,7.77528020461305,18.0501317736855,7.38152444245257,2.84995259525582,0.37266189659636,3.72260004705263,0.612800848609498,0.451465316401932,0.776029475907522,0.467553298961458,0.385044366793555,0.0959829734560499,0.124441119644486,-0.0536131481281447,-0.0894671878138923,3.18922485741043,21.7401783688444,1.82493185234978,-0.198896256596494,1.56793781263328,-0.243250465915266
"40",7995,"CACA38",140230,0.0276621871040452,0.0361580799377064,0.204326187833582,2.21713140436799,0.0796250241973114,0.0870715510289611,0.272073531303886,1.66160859268197,0.0529323436346155,1.11523819330698,6.61935137564473,1.85388854148724,22.5687076275127,22.8028462419094,34.2613480753314,34.364876425211,1.34546977156603,0.923372736467095,0.787035086934768,4.0896680211178,0.691485023317097,3.54633824553843,0.375382814093018,80.7591215745449,0.120781028243343,-0.62906956917936,0.212419093785461,2.71791946635049,0.744863957186009,7.03068759969704,0.841988513807446,0.995240556591424,0.999756200273354,0.999987194138759,2.79028883754561,19.4284078521286,-14.143197203154,7.05580440397675,6.9623642619547,0.773498461259504,0.767704220427363,0.0963079864677827,0.124944840303415,0.985318101079343,1.82299392705534,0.674032200848746,0.973154704547753,-0.592542107624309,0.689573547952506,136.707220257094,4.03690235138597,5.19595345561885,3.26773996751467,0.616868435799496,0.908383411969445,0.631230645005816,-0.43291147503936,0.164901381462214,0.766989382668649,0.537907911558913,15.1518463473191,-0.0317051385277302,-0.200929678710973,0.0193446799024251,0.921188663848913,-0.000415451047978487,14.7956096659475,0.59608923312383,711.77461469014,724.060317152562,0.629248405335834,1.01390612446393,0.556377482881628,21.5741262902049,6.9623642619547,16.1702575778373,7.05580440397675,2.78438157830193,0.369635221683629,3.3937912223179,0.59577677077276,0.46830940653265,0.736116077001754,0.465432745524274,0.393057760438986,0.100873461211162,0.131011434601374,0.0124213391229083,0.0269008070446941,3.24047426797879,22.2394146477583,1.75221313059213,-0.172978793765916,1.39615345963522,-0.208026556097731
"41",7995,"CAOV2",110046,0.0269246811480575,0.0398074738732472,0.180760991172239,2.38093756924481,0.067061882162781,0.077423142825109,0.228304433172085,1.56077105316756,0.056170226220803,1.15371123223633,8.40285959564932,1.88832657142148,21.7843161654883,19.4325175546982,32.4488433415218,31.4299128846971,1.53351757004376,0.767120778404772,0.821054840644798,4.7936448369704,1.05812347018088,3.82779399314782,0.375450101917765,93.9700223080345,0.164183495306951,-0.747631383939951,0.225140648261402,2.75419324460233,0.75691165248058,7.50726138225112,0.915605687465439,0.995808312203577,0.999796247314734,0.999989768466935,2.82367259998578,21.5115172710899,-23.2630177386093,7.50437646282628,8.40358365345181,0.785078162979699,0.807885684494833,0.0802670032883839,0.100345437874006,1.3720016568302,2.31587456215447,0.726314070358298,0.976111989281043,-0.592770846202111,0.747636190496728,241.981039028689,4.94010000873345,6.44019400278322,4.15750011973161,0.692569057708062,0.914153994681048,0.680557602629531,-0.441843539077186,0.169718104797357,0.794993977399496,0.589751491402252,16.0764501738439,-0.0189345341363118,-0.146278021683805,0.0118169886982343,0.926001295637764,-0.000250626086415547,17.1191016132649,0.634771756249698,716.728988353514,725.446215905695,0.67116848147246,1.01239122140916,0.62725492072588,23.3490857854303,8.40358365345181,18.0817884766302,7.50437646282628,2.53756942353736,0.421075148320434,3.97602365266003,0.624014313162461,0.469777847142484,0.738021158920375,0.528048382942646,0.441846034265255,0.098736381272392,0.123585995462182,-0.127148004157118,-0.211108891774099,3.46935852000314,24.7252901028674,1.87958328532097,-0.217384091725161,1.63601149434004,-0.268746233369259
"42",7995,"CAOV2",130241,0.0252634802401545,0.0362998462797786,0.178962997160781,1.94003519655299,0.0822994907604305,0.0887091531619865,0.26169344391194,1.55472169150901,0.0524696593243908,1.09815405964874,6.76384872075918,1.80609621966301,20.4211021691299,19.8154101813184,32.2812374058795,32.0408737058909,1.41771399114305,0.847873971630529,0.800917982617741,4.23342362730536,0.680362149600436,4.14322337333875,0.412385085069047,82.1404648258814,0.127838018960686,-0.623696669517428,0.207375439334138,2.47688726031513,0.75018066345818,7.1786987141881,0.836404469784575,0.994174447149449,0.999671700986238,0.999981027280858,2.52331433818623,20.2487702742769,-13.7402422873388,6.91233538738373,7.12523839470174,0.769828927766684,0.783373713633595,0.0765078188626051,0.10075045728447,1.01469635181781,1.85764751723568,0.694318893623032,0.973915974658793,-0.585802632637092,0.670467028871365,100.141065773404,4.20365324032529,5.59979000747453,3.5735446432458,0.598275820053343,0.898758554016015,0.642490102581233,-0.39619509221057,0.135648875853787,0.75613318298827,0.543503853933806,14.1033671288878,-0.0179266473715123,-0.116197792244981,0.0126049186661647,0.913083052743802,0.00129280984823038,14.3408003369597,0.58504036375845,713.037231190043,724.162550194994,0.617142472424723,1.0135264085006,0.540624495831353,19.1958796565634,7.12523839470174,14.7720618382421,6.91233538738373,2.47200289692408,0.424069531748918,3.5354658764895,0.62099401192196,0.492982013549207,0.77739685105587,0.448988899178385,0.380359905167277,0.0924473854343913,0.121843866406917,-0.00761010790728242,-0.0108070978645559,3.08695862070942,21.566089502329,1.78824948352058,-0.176686810529446,1.51277417520906,-0.213819658813764
"43",7995,"CAOV2",130361,0.0254377475513568,0.0372259136543464,0.183354614809051,17461.0206140879,0.0795651047574671,0.0843717844126808,0.252616465268696,1.57791673334535,0.0528963300582553,1.12743758158227,7.0705371230168,1.84140020162001,20.3307169466718,19.9254624231118,31.7763275797408,31.6061488231225,1.53615566784594,0.788675354562234,0.807791746696693,4.40344847968127,0.68398421804082,4.15570203972771,0.415572275042707,87.0889022630708,0.141462241149239,-0.659838190278234,0.233389038367943,2.47876384236756,0.757371641067797,7.51640266238459,0.865135568612907,0.994430628472271,0.999683414759458,0.999980959604454,2.53697958783384,20.0829073947008,-14.3202593695743,7.26543013238509,7.41499105322553,0.777722808943525,0.792676873850521,0.0794768987842453,0.10292026450177,1.12260624524096,1.99630935192526,0.70201739848651,0.971637266645212,-0.585946503736796,0.697595537904531,109.464852274712,4.4017777406846,5.80000047662096,3.79855958513284,0.626926014759155,0.901796615381766,0.653071551751097,-0.398222819688814,0.16349535152821,0.769002359410455,0.558679950691234,14.7696081790501,-0.0122404323663797,-0.0807231407680247,0.00792457339777527,0.917012696127965,0.00138349089587274,15.2231828057562,0.601235115846042,714.097328118618,724.550308621045,0.635387438922115,1.01477548911741,0.569025846720578,20.1417830821045,7.41499105322553,15.498428341586,7.26543013238509,2.51399497060466,0.424233078407134,3.68184937570031,0.605444439712695,0.49636913234929,0.743175535686274,0.481603077451959,0.401950040391672,0.0936606389051491,0.121495426266679,-0.043256235096482,-0.0711815229480014,3.11757416132123,22.6405838103216,1.83207561505241,-0.190103724433773,1.56613031545846,-0.232797141960386
"44",7995,"CAOV3",900190,0.0321485910310856,0.0438768113390891,0.240543279696766,2.4488621838466,0.0778673152282129,0.0882421108211584,0.267438199243644,1.6455765308528,0.0680479818858995,1.12351544451007,6.78346953464921,2.19085279208708,20.2902124271004,18.9370525651606,28.2733340445437,27.6145218363346,1.42519073263223,0.860269448580398,0.792247844661616,4.18966638740968,0.493504169543911,2.91220313554756,0.350337915434922,66.8829318768,0.153532854548685,-0.748696785464423,0.19370250055066,2.93087398761725,0.721521295149955,6.37268089932777,0.977724735662827,0.995238330115409,0.999746621876561,0.999985279523772,3.0123131382807,16.9283957793437,-14.812967440923,6.67087351553731,7.25076505960179,0.760694235741132,0.777901543200988,0.115263412340345,0.141947722427585,1.25050112201337,2.17754491749443,0.686312006817083,0.974999228616584,-0.604721330959314,0.773808098359058,110.061045118713,4.20446488152079,5.45268687816043,3.45718266691734,0.754564234769918,0.909045582560885,0.641559589225089,-0.465600698539935,0.15693934497062,0.806126694520144,0.571003617278902,15.4513647420076,-0.017301955985897,-0.110050841479698,0.00920704470750564,0.923922808234789,0.00175176315753553,15.5546206945938,0.656502907504545,711.373758739664,724.230507708472,0.694325836834121,1.01296912025276,0.669315742094874,21.9562846618678,7.25076505960179,16.6161408327109,6.67087351553731,2.77855466444669,0.380394838894553,3.5242819363051,0.615479137568788,0.435504063415778,0.74936694092317,0.558466245000795,0.474740261132823,0.127855278652236,0.157816951140843,0.000761749533700022,0.00596747887365605,4.4026026474426,27.0860609725196,1.78825227413293,-0.177441737593572,1.45640617985232,-0.215184640743357
"45",7995,"CATO6",110067,0.0242964381199763,0.0389540151273523,0.143659657428958,2.00256245882172,0.0634593576317524,0.0687270447242036,0.21393951894167,1.45258253862264,0.0470456736589095,1.12706406377996,9.2978176416411,1.7163966862056,23.5525993970692,21.32508123559,36.8171415407641,35.9062773386132,1.62430690376045,0.711885697843874,0.840641809604259,5.28458467297948,1.04126172413433,4.95272864101359,0.42623959745653,125.381325236919,0.167187483127625,-0.71357982977307,0.240703206578894,2.40637318143542,0.785090967986128,8.66522375243373,0.886973126521098,0.995757160614888,0.999791412186618,0.999989390149302,2.46133829404376,25.2100014704199,-18.0587277889624,8.46222171731955,9.25487324366275,0.80993397813341,0.826457459226865,0.0572618582960186,0.0722356578414887,1.43625228587766,2.39209346318663,0.756114131655415,0.982339459186475,-0.582484898592248,0.727659362006164,50.1503031392062,5.42324939903391,7.38269015749363,4.70138612561517,0.653758986163166,0.913874612994752,0.702297065980696,-0.388965167112866,0.114293957424449,0.786074418262206,0.597260152548749,17.1575772471686,-0.0127881419565964,-0.102339785761925,0.00863541695816249,0.923855594526618,-0.000220572707761448,19.0310412870083,0.621462712726172,719.224662109489,726.029192831652,0.65645509840875,1.00916110825026,0.607901697651353,23.4950948043439,9.25487324366275,18.4535285055141,8.46222171731955,2.28088070134394,0.466914847919694,4.27489150361017,0.717613559135381,0.498257420313079,0.828782331390271,0.508028219681966,0.421749018349255,0.0761187922663082,0.0961716073090184,-0.214499288413915,-0.355036827505721,2.64956222958654,23.0966842091725,1.94218417799156,-0.227612981099074,1.78565466272752,-0.285577951298249
"46",7995,"FRAM2",130348,0.0240520019449004,0.0330664301928438,0.207957356069156,2.08710699328059,0.109664682695555,0.116594068708829,0.288910461665078,1.48821198841154,0.0644223079305406,1.10273989826055,5.23993080771375,2.05557098239325,14.0726357892221,13.9586198256252,23.6038839762794,23.5677011583741,1.57440423976528,0.847207383544948,0.789805397047441,3.83277025704791,0.582949817133599,4.23885867513806,0.469009801492437,61.7454256528523,0.124026374128911,-0.623534603104907,0.232101462108948,2.19055300712162,0.725269828118259,6.49887456082205,0.898236939148111,0.988637485498737,0.999086113006594,0.999924056014872,2.22701852252336,16.1498809138152,-10.6440904696911,5.76289888393123,5.79424462639173,0.725896667180052,0.774776925685297,0.0792124815302433,0.107878468393384,0.867687046714122,1.67599163695266,0.663576983683164,0.955736040186572,-0.564512212258478,0.642145079091722,84.5670714013636,3.61718675138724,5.01875791624244,3.43856950600137,0.595026887330525,0.862149541454743,0.601670730059007,-0.347190166304312,0.178364345875593,0.731646400102779,0.514835631336059,10.8359906013535,-0.0136187963727041,-0.0635394707268768,0.0107479897748616,0.887098250192564,0.00497157581653351,10.6028091274201,0.56902292194207,710.80810907102,724.089590401709,0.601272853602421,1.0234312995629,0.528675299377044,14.0175280226729,5.79424462639173,11.0593315104604,5.76289888393123,2.22970193429388,0.469668915673752,3.25287176897386,0.5991406395558,0.5362642488294,0.710136250316202,0.454006119903772,0.376954115886405,0.104949486140281,0.143277587630713,0.0896628769350946,0.179988843728663,3.54441094163653,21.5133923960939,1.76215914347104,-0.178020678226947,1.47240358835457,-0.213107624186664
"47",7995,"FRAM2",140237,0.0278574937132208,0.03347508891359,0.219198673575992,2.40957338276728,0.0839932260316578,0.0952934094398957,0.28963418344678,1.69428765911487,0.0543348148948363,1.20229150185797,6.05814192608435,1.87332446175344,22.6381279294072,23.1712865267088,34.4665854285265,34.6838284398779,1.21778812714422,1.04773876326344,0.766182643179508,3.76278795526678,0.734811989300096,3.40425201666858,0.368991964424485,72.1160186546987,0.100400999115708,-0.595916694179725,0.205586961600751,2.79578556933701,0.721926347018971,6.37117386941084,0.810622379577745,0.994755718572706,0.999718234904283,0.999984459358309,2.886916213948,18.6434167073255,-13.3232625201486,6.61525610095667,6.41879431452402,0.757338643486122,0.746600198293189,0.106752415549498,0.14105994649628,0.84932489985112,1.64590721440285,0.649154604013886,0.97151011413376,-0.594139235218018,0.661275923728377,398.67098475767,3.68297486919633,4.75657352796242,2.93401194808928,0.589887631283206,0.903965761591849,0.606988932842566,-0.449848061846933,0.16117227075635,0.753208329461077,0.513664530984336,14.4367812272197,-0.0457369214647678,-0.269521734249431,0.0274370522000033,0.918452075509099,0.000139136411761335,13.468396258841,0.579083786213454,709.178546414513,723.168325842694,0.610059825861108,1.01482051415272,0.525462807185239,20.5391811386872,6.41879431452402,15.5074136758662,6.61525610095667,2.90706434878363,0.358380652071698,3.17284154186071,0.59548687858411,0.460806291397802,0.745938526951213,0.456301833221374,0.373123741854278,0.106100389411412,0.140392325870088,0.062173476416229,0.124686903281145,3.38708940066758,21.403904813331,1.67963642157069,-0.154313841899018,1.39995868151576,-0.182410630684401
"48",7995,"FRAMCO",120300,0.0301997540241781,0.0373738427823583,0.262904628183215,2.25598636058287,0.106125768522597,0.115300549459296,0.316024711271817,1.59700363512572,0.0713167874995381,1.14248718072961,4.89460874166659,2.29441516761879,15.6782947772941,15.9852278462349,23.6154259297684,23.7593164120629,1.28430024269974,0.999295187484003,0.758236634737218,3.49010678914548,0.461393171813491,3.13720470475168,0.415192258072463,49.1448105931303,0.108644562921703,-0.649606677730425,0.193727935668676,2.48007496333385,0.689753215025162,5.55862840063774,0.932070133875766,0.99081584881415,0.999334989975996,0.999949321498993,2.54325631431151,13.9269694499817,-10.8360708656385,5.63175535759867,5.50320890342621,0.720691443823653,0.739034141238125,0.116450625427978,0.153044913121392,0.849976913285989,1.66724754132804,0.626798264159508,0.956104835381354,-0.584658065937139,0.691275487940815,53.652845101563,3.2896502536253,4.38869522965844,2.8090839956475,0.658881031582663,0.874978253739442,0.577337131901981,-0.403752640014758,0.202188769673214,0.757950622824997,0.50775565989587,11.8813529632371,-0.0252772829045025,-0.120194017328859,0.0162042598572119,0.903965675206158,0.00725144739078527,10.8575191416134,0.600247455343493,706.457674547261,722.763747927746,0.635767463126737,1.0231399984264,0.576736208145624,15.4087369447801,5.50320890342621,11.7541241805634,5.63175535759867,2.59411581290136,0.405169751362104,2.97179758117155,0.544933956367078,0.477395258651862,0.672912016886832,0.485704251147449,0.41191488130751,0.130836338005762,0.172358844307457,0.138501011896936,0.275773415115395,4.3468812953949,23.9368098550605,1.65554032360849,-0.142211323477026,1.35049861910223,-0.166779067346238
"49",7995,"LIST2",110140,0.0298337604180539,0.0374458003838977,0.311565798291513,1695.99480019261,0.099430237994671,0.117462688849816,0.3053902313224,1.89509486742658,0.0787104020638199,1.18245952014502,5.20934180479769,2.26805716040933,17.7210698958161,16.6445470427411,25.413234851172,24.9531935509708,1.35533364972981,0.961472974601384,0.753610348796667,3.62370545175838,0.57532789173411,2.39326770488217,0.303045418721305,50.8743688903364,0.109627199874554,-0.66466240181643,0.259271931525784,3.40996672540219,0.65034697367803,4.87848726872205,0.912367575838637,0.994197452994453,0.999658822145641,0.999978891316978,3.48225659850423,14.7565667709607,-11.7970425668429,5.33929090903372,5.74914882049408,0.704835240357899,0.736363496146261,0.164045515483873,0.209793459333852,0.901634200702221,1.74338023412175,0.623318517663266,0.963601155602467,-0.603661878463245,0.718342106836116,18.8938850184009,3.4439036980719,4.3993721468859,2.82444655519585,0.697312651804982,0.900563379307761,0.586014949594311,-0.51360640333668,0.226015201870411,0.777257192020468,0.514265797425546,12.2713886412337,-0.0171705247744369,-0.0750945694285637,0.00875808810564644,0.919397063695414,0.000324721468132869,11.7661677096994,0.616974615987887,707.637642858477,722.694998623622,0.652537472283182,1.01907943038792,0.583568737481076,20.2392866515513,5.74914882049408,14.1467784171388,5.33929090903372,3.19396020343992,0.324612832198001,3.08798985802653,0.496807400013224,0.439948384861288,0.654385927939072,0.509195703557444,0.425677249790879,0.15974272905472,0.204768948649189,0.13663307256287,0.274787064280827,5.42950684302017,25.1343703214,1.69239763053972,-0.157086411787211,1.38284118144439,-0.186006634668912
"50",7995,"LITU",100164,0.025611445562128,0.0398308044717015,0.204307535878308,2.21301647002316,0.0744487156687573,0.081005407503566,0.237558335671206,1.67678712180731,0.0587688118327373,1.12045299541783,7.61283539405224,1.90610847142059,21.2177766082899,19.5268291428658,31.3054058367536,30.5632488043085,1.74368772921249,0.707959554847604,0.817558697902884,4.74918480372641,0.647055789216322,3.68403504067807,0.365490193521919,91.3297482334314,0.167697669177338,-0.722743389671682,0.225403327658912,2.80214938558153,0.754241630944042,7.49651387448949,0.919150196779141,0.99543541775428,0.99975839954711,0.999986332153651,2.86539486701666,20.1649196565968,-15.7164315761329,7.31713266524301,7.9646097212794,0.776742949320683,0.806213916713561,0.0960090190478228,0.119914949844625,1.34283382415308,2.28058533964857,0.72042481490856,0.979423640728165,-0.597347223153137,0.748918306080035,52.3451131719715,4.80083550496638,6.33205820234472,4.20307522329958,0.697231147876842,0.911708861047336,0.671706220551723,-0.43998072968293,0.111024064276412,0.795029596233318,0.584352632731457,15.7642426962286,0.00142235227149569,0.0346660059372257,-0.00133877193526256,0.924536502398827,0.000598540183795032,17.0947454748205,0.635085189426487,715.748712589929,725.132057893346,0.671718560448845,1.01065799284601,0.624611361398332,23.1358498556366,7.9646097212794,17.2025915256523,7.31713266524301,2.73082713196637,0.397552175296268,3.98709510261313,0.636453434785423,0.469951107972945,0.826929347234573,0.524144700151904,0.44282191350664,0.108182043152392,0.135517941338438,-0.10420607003246,-0.168017321471211,3.70546460325894,25.0318536243509,1.92812669486158,-0.222386513223663,1.62121743482231,-0.277796155461824
"51",7995,"QUAL",110011,0.0260884129144677,0.0374042401186828,0.179903392363177,1.80167163216473,0.0689041976538332,0.0821186227659956,0.233053868210573,1.52057277647316,0.0583872814190184,1.14048119640795,8.12507726372146,1.84454534804587,22.0131338280726,19.0991192513327,32.7419484105744,31.5110705830876,1.62039695053428,0.778252400847206,0.817845286556945,4.74623612971617,0.98953994019042,3.83330250299086,0.366104851683474,93.7727346276253,0.159249801896485,-0.716656010378752,0.200593921159225,2.85816301289795,0.739393693448718,7.02344683854504,0.900478709621818,0.995430343620401,0.999764161537867,0.999987091841584,2.9263874802218,21.793543620319,-20.8801920615102,7.13049605380688,8.20574918684649,0.77061016385086,0.805361800308146,0.0793955632569807,0.100492673780145,1.28587219933422,2.21042881415143,0.727373981526361,0.986269969308887,-0.594992568315083,0.727709675317443,30.0584930207542,4.7978615307198,6.5033156126097,4.13777776110672,0.672147857216705,0.91090372431168,0.672627786816969,-0.453922337125393,0.0539216432530069,0.784797598049635,0.578589693975807,15.506012175079,-0.0134670372270495,-0.0862051379236615,0.00820536097905871,0.91848908463105,-0.00214460875157932,16.7133394678314,0.621580127746347,715.834822567937,725.552385277889,0.656992094724184,1.00714353068097,0.601783655508521,22.8244416674191,8.20574918684649,17.5711659849433,7.13049605380688,2.49788623104202,0.424195545073606,3.93807843146182,0.741216922684056,0.463043152262859,0.930692279454525,0.515223646508427,0.426473927454861,0.100736797149145,0.127774199645861,-0.089627053689779,-0.149027669579897,3.59931748540245,24.0016506685121,1.89565036986083,-0.224942383899283,1.57357318434376,-0.278458178596212
"52",7995,"QUAL",110014,0.0230769494886821,0.0349207641655349,0.153200208256109,1.69072792985175,0.0662189973092881,0.0780715818484448,0.220869314533847,1.48449267089886,0.0514131487873313,10.642859719744,8.73897730410027,1.65979658539919,22.9037210803256,19.3258619687396,35.8918269752123,34.5177601638226,1.69291054611841,0.739216597750787,0.830000120937647,5.05408918814192,1.13219678788515,4.58581732233443,0.383604051958726,114.118015318195,0.154253462798494,-0.672521579285065,0.228812682252172,2.73679593808695,0.755775606364691,7.60596305023311,0.846473914966804,0.995546477004389,0.999775059507691,0.999988253774112,2.79522708090824,25.1302701623772,-17.1415494219699,7.4870287146725,8.6889107195468,0.781173778292256,0.817185450592562,0.0650674201854022,0.0839459672168457,1.26941277874169,2.1900913472855,0.745283679309911,0.988762447648825,-0.589524620326069,0.692254969213335,167.818848060151,5.13300818664572,7.08805819967815,4.4687062089452,0.618012391197069,0.911997385528064,0.687638079449359,-0.43913017128553,0.0442361091901418,0.769595493171278,0.576936607321736,15.4833159733053,-0.007441869974621,-0.0445232961925816,0.00457335534094845,0.91760962284557,-0.00353705488405226,17.3510402850002,0.598243210661975,717.443464715306,725.944068197447,0.630975518228258,1.00585790065101,0.557847367212368,23.1754565429244,8.6889107195468,18.1746527813135,7.4870287146725,2.38609606784109,0.447432503321696,4.14467527567534,0.778059322941657,0.486737747525349,0.950898434896487,0.476406719979455,0.394921564689417,0.0858206715602743,0.110934906867925,-0.135293324451613,-0.228598544810687,3.06355938653445,21.9961102071961,1.94414466654861,-0.237800838768848,1.6558223398996,-0.297643438710059
"53",7995,"QUAL",120044,0.0221982686311285,0.0334447934333393,0.146615888705605,1.54608843920752,0.0706801491211996,0.081878515188245,0.227378497249794,1.44298515886396,0.0507577564047464,1.10523700455998,8.14418459284832,1.63214458417355,21.3998562308491,18.4371913347622,34.3696196829636,33.213541807578,1.6511789882763,0.744993923404977,0.826343810965862,4.78937467559006,1.04724376265376,4.73674998711982,0.400545636286757,103.559765678381,0.14636283326865,-0.643838098288277,0.223309652101246,2.58155368047078,0.749968071807722,7.37328862096611,0.824032409483166,0.994636080998529,0.999706337530482,0.99998348505902,2.64598433128497,24.131118819938,-15.8135745625055,7.1805211865948,8.19786582804794,0.773095534518728,0.814812598466591,0.0592256242183471,0.0780951946177422,1.17764296886329,2.06748922763206,0.741126491050923,0.985811812865577,-0.583930367112711,0.665116104640612,162.126965446516,4.90828083923128,6.84327270151657,4.33741585156964,0.588590952202966,0.903301554068644,0.679594849256027,-0.418877216464083,0.0547790128158426,0.755141353540776,0.566411825374373,14.4472401692798,-0.00543102127908221,-0.0396499909386608,0.00380555472749991,0.90996667562911,-0.00320308459796197,16.0036437334181,0.581504693807627,717.311834338791,725.742986994917,0.612659363469644,1.00739173757682,0.530999185808982,20.6582787717427,8.19786582804794,16.7068361549334,7.1805211865948,2.27856595770658,0.46109943192055,3.99563825953744,0.772480344706062,0.500255664327526,0.922914378205604,0.457622493959615,0.376657832054126,0.0817302303984841,0.10791180768877,-0.100736100680489,-0.172477464863533,2.9378292652881,21.0383560891812,1.9067735604077,-0.224147295226444,1.63582783799069,-0.277972716532703
"54",7995,"QUAL",120059,0.0247415577564333,0.0351737189348327,0.172376094196849,1.60064350356383,0.0729042240206438,0.0863332815180546,0.239945558108909,1.50003479852614,0.05631282682941,1.14859877265785,7.67940338841963,1.7800055249742,20.3033493939483,17.769130138831,31.9551112525143,30.9530916895403,1.56487683123196,0.804696079224304,0.812620544832209,4.57091860124427,0.970383869815544,4.13179512025881,0.382081485484548,92.6137151917271,0.144928126649075,-0.667508918194104,0.228317154805821,2.7548342233841,0.736880153899592,6.96187687397771,0.866982201264858,0.994755465288975,0.999712217475164,0.99998363121324,2.81637061152147,22.0698217413674,-15.4840012293514,6.93000552058859,7.81667061227611,0.763513934316234,0.800385827356138,0.0740454023760652,0.0960630661816262,1.15549099965414,2.04522893773189,0.726509673844694,0.991907256867885,-0.582823344111604,0.687627680116652,232.085195604227,4.62714545482604,6.46346379676814,4.00619190538366,0.624102183754248,0.904797743867364,0.664245101090638,-0.438173260021064,0.0338597316290499,0.765207305490135,0.562400386687746,14.1567293187785,-0.0127453373298696,-0.0835610579844641,0.00859733319336739,0.906872314724169,-0.00606633080624259,15.5749869413894,0.596353248921815,715.286251510926,725.268899374298,0.629216174648103,1.00430860884667,0.557050311803601,21.2168557194231,7.81667061227611,16.6492714758354,6.93000552058859,2.43439857223699,0.434563908431382,3.82404986624465,0.803506826912053,0.493497180766409,0.969056680929449,0.486640863833261,0.396298310656745,0.0953249699865203,0.123970819655388,-0.0548483145590847,-0.0929435115769122,3.31129350714628,22.4002569128612,1.86666655907493,-0.215107142274176,1.58531668030188,-0.264607632406538
"55",7995,"QUAL",120088,0.0229456388674594,0.0335646969304617,0.169155550849801,1.89556640655102,0.0774315704035044,0.087957283523198,0.236735093177871,1.53581992804092,0.0544482235662595,4.61765399424541,7.64676697633506,1.74221901734418,21.1982916348926,19.1248900444418,33.4193109622179,32.6323086484764,1.62453763431869,0.781442876624298,0.818953984102764,4.6875800311631,1.12393084743095,4.46833940831589,0.401478515027323,98.5934573410749,0.143869895818876,-0.660909138232765,0.289320218402086,2.60157527999452,0.739221028593408,7.14009957402808,0.850059292324394,0.994144931096785,0.999652308271825,0.999978259779588,2.65885284272936,22.2968974023833,-14.8686833360272,7.00992012399977,7.70214604137031,0.765707585130176,0.805497686865789,0.0710961942839192,0.0934030975056592,1.13853179510658,2.01958992414193,0.721219428086063,0.980206517880253,-0.585066720899796,0.675676837899552,-44.5106483121864,4.65986609366832,6.36707266966991,4.16326068316252,0.609471453805799,0.900413915274227,0.663529841503382,-0.413264985038469,0.0990125431862357,0.758924015082286,0.557565234776163,14.349913825874,-0.0128354989961578,-0.0826758764699564,0.0086776511127789,0.91185050951501,-0.00179738252831035,15.3122490561542,0.58929696642948,715.55895123184,725.627055330633,0.621214940127741,1.01035121456302,0.547312444290566,20.4161861424203,7.70214604137031,15.84163535483,7.00992012399977,2.40205323486287,0.444199117808797,3.8607817796397,0.698329074861921,0.493703158817607,0.853771488619818,0.470771771621652,0.387608604306985,0.0915014939869277,0.120436186826483,-0.0666666828026854,-0.106362213049084,3.20901456862199,21.65599116457,1.87863097147401,-0.223412687309269,1.63404799145802,-0.27534550423178
"56",7995,"QUAL",140322,0.0275445474909795,0.0379113474807769,0.201651821450616,1.68887761492621,0.080946896581947,0.0938553376898238,0.263657681226592,1.52784390210374,0.0628655229016858,1.12215131208318,6.74325814451353,1.97653571699841,18.6782954218932,16.6724848470519,28.5034088212864,27.6697829149886,1.44361904256994,0.85887574599175,0.793294829584137,4.13836188213377,0.733484593184618,3.58290922536916,0.378313710533367,71.5559358123955,0.135614824347844,-0.67345744632553,0.195472483248331,2.71919330773661,0.720586516311256,6.38823266176666,0.897876274527241,0.993822724128539,0.999634499920991,0.999977413671661,2.77912391897267,18.9558754881383,-13.8913330883677,6.34404252038834,7.08584497866507,0.746487316795078,0.779289599645057,0.0885380993751416,0.114672767373156,1.08048420405379,1.95425656420089,0.697112370722875,0.983395508177432,-0.587971270241081,0.695994780636124,15.4626434598068,4.1737479632699,5.71664184647595,3.56745971374709,0.646497196660051,0.896569256733356,0.638578668314887,-0.439084495098989,0.0642637253264794,0.766793350794309,0.55025360661248,13.3719897843585,-0.0144448480615544,-0.0840079025280058,0.00933116763068475,0.905345360685013,-0.00220092627458684,13.9002676874043,0.602418681218328,712.873359294898,723.996241299608,0.636527604064184,1.00861104730738,0.57027357836054,19.0547634176092,7.08584497866507,15.1904675596389,6.34404252038834,2.49745074429381,0.422319969303609,3.52760601511031,0.73950747238056,0.476913247827726,0.899455700867513,0.496792637953773,0.407684799366066,0.109849115113934,0.142513040295245,0.0148992120440595,0.0318833646873932,3.79717448684897,23.5208013610176,1.79189714328047,-0.180960435701152,1.50812101905698,-0.219643201617997
"57",7995,"QUMU",130188,0.0222194593271507,0.0314843686905378,0.163771827911797,2.23842514646028,0.0742061359368173,0.0847317810450629,0.240079718011941,1.55772861102697,0.0496897317603135,1.1347205130298,7.45830298176804,1.6219134529299,25.8867999180791,23.9343335585457,38.9304328160173,38.2165893371665,1.56117372576455,0.802071547233308,0.812085517030381,4.50772661109802,1.0412531013893,4.27438450890272,0.377430742862466,93.2998928877249,0.131340863317912,-0.6161950322358,0.233844360003127,2.72952089684915,0.734627778160201,6.74757110749418,0.781002370230162,0.995045451584803,0.999738051158327,0.999985669462943,2.80441216478731,22.8099280304795,-14.9235841544011,6.93317535555551,7.56439016441962,0.769833342129532,0.797786563527775,0.0723152999480045,0.0959196893570446,1.03791147050089,1.88667385112757,0.704441499850505,0.969661835857546,-0.605949336182223,0.65172983995057,88.2840550279972,4.51495890277945,5.8386075267654,3.88014354987033,0.570880594772,0.906933536148275,0.65988296041344,-0.44367373433203,0.167968303085645,0.749981698632266,0.547624444858351,15.5645980363925,-0.0256799193640172,-0.183137105609601,0.0182926425327435,0.926250053744518,0.00384817350413581,15.0943017379154,0.572821701539626,714.571704449302,725.072669359708,0.602741344349804,1.01579097220613,0.513551923360845,21.3287246016059,7.56439016441962,16.5535363569045,6.93317535555551,2.53274266092376,0.411443684292601,3.76419200188031,0.595953064535688,0.448597848346526,0.734046324853915,0.43644273078734,0.363608327973619,0.0877652635460688,0.116673114581993,-0.0450495878644549,-0.0780871411984845,3.12886247761344,20.4621890831427,1.85466341472408,-0.212173832660166,1.57222609040074,-0.258963018334074
"58",7995,"QUNI",100084,0.0254028274313693,0.0353137585764703,0.200508104398558,2.13360430844518,0.0828576141534378,0.093659709576593,0.26431772401464,1.63069153137228,0.0580638309392177,1.12458409828592,6.55859707808374,1.84042696902038,21.3017915715565,19.7751484734648,31.8466828012133,31.2256473660697,1.52029056860649,0.832064734381857,0.796965917334058,4.21146991813097,0.635787295649394,3.64478050893549,0.369315017080637,75.1443867581253,0.13101610121133,-0.633060355533282,0.214516713029835,2.81226732335835,0.719593023288065,6.32050687965785,0.845616401797314,0.994422871056311,0.99967878223143,0.999980244798855,2.88121596204453,19.350024809423,-13.8096621071245,6.4192278557823,6.96600258101863,0.753362177429087,0.781122583606745,0.0928665945724451,0.120770060156317,1.02046905526606,1.86877610240486,0.68648570566685,0.974746491636978,-0.599818653370655,0.686075561733781,317.90009337395,4.1320813843104,5.45232323396677,3.54363931611397,0.621690412297066,0.902068479974141,0.637174269511441,-0.447110858318561,0.114950159467083,0.763671230499161,0.542655092251493,14.1492180732163,-0.0174982039317622,-0.106753989028139,0.0108131513083935,0.91670290609492,0.00159105408279028,14.2270399867457,0.593731418822913,711.959085917923,724.347333792244,0.626970161029831,1.01312086921421,0.550350443659615,20.2620526339774,6.96600258101863,15.4221215487465,6.4192278557823,2.66656628299587,0.400015429096191,3.52774136650199,0.638954573116618,0.458015768549798,0.814451553340031,0.467800262801345,0.391300467193164,0.106139852735602,0.138453549894557,0.0120805193293262,0.0276991375366521,3.66832241598545,22.3192952519697,1.80727349843016,-0.187756957053002,1.48328518952364,-0.228023600073318
"59",7995,"QURU",110052,0.0269972250732262,0.0379403048612128,0.195320193633345,2.05135602090369,0.077921663593213,0.0887442814827271,0.255844346627168,1.55058033543274,0.0589350179137651,1.11187565206775,7.03291999410971,1.92401819091782,21.2795660607028,19.7266953680736,31.5825722183913,30.9250190181808,1.47302260004517,0.835590897571251,0.801850035434826,4.30464092744255,0.762608102362102,3.72983450757616,0.386036583218586,78.4495856168411,0.142052222235447,-0.68218361603658,3.41390590040057,2.68324365318104,0.730719614988352,6.65532689504155,0.888824263472141,0.994430286501163,0.999683177407256,0.999981141361618,2.75585153827027,19.5306830603646,-14.5549888285621,6.74908406855202,7.32770910511078,0.763208428992494,0.787165448295844,0.0863323776614945,0.110779006487587,1.12782246041177,2.00916061743451,0.697066024109713,0.973625236705505,-0.595141130684045,0.708733741632001,90.3129967937726,4.30912671706513,5.68758997937739,3.67837078672277,0.654406131118128,0.902024196440093,0.647414305373411,-0.43239153224945,0.135815888976592,0.774079348353231,0.557297465380493,14.7930555034294,-0.024194918041552,-0.161897173047627,0.0157493150374303,0.918601794236763,0.0019709565442346,14.8286709432125,0.610406112020644,713.35013542694,724.557019414719,0.644900163805929,1.01370911499393,0.586240371057407,20.3761649246776,7.32770910511078,15.927814947411,6.74908406855202,2.53780005035865,0.418729766402329,3.6120690729801,0.64336881262739,0.459979775545237,0.782723999072899,0.498937757416292,0.414147371751525,0.104199519016883,0.133941005410526,-0.0171461012010016,-0.0250612985316935,3.63120793359024,23.5075946361823,1.81379236127901,-0.190471111726274,1.51017465505111,-0.231973697294663
"60",7995,"QURU",120112,0.0222712135929785,0.0326630349745057,0.173520962414286,2.36816837423945,0.0851425311721943,0.0952075328761642,0.250423991732166,1.56305862390027,0.0545279279012962,1.12651822897933,6.8676028183998,1.72732179495586,20.5879774990521,18.6797739724885,32.4055850736692,31.6586986650653,1.64904322632616,0.783295937314746,0.812366796112989,4.44774921423842,0.830124761331111,4.36697922908259,0.399064656234211,85.8239170203812,0.133810236905784,-0.617197071658132,0.255619866123258,2.60493997003927,0.733009587492177,6.72276035602053,0.816095294134536,0.993380870354716,0.99956548398446,0.999967957188642,2.65699128662493,21.1340698182307,-13.6417222180325,6.50842892397103,7.16539629245723,0.755572347261313,0.797203059791899,0.0736403652735797,0.0980937976066886,1.02122418493733,1.86661624434562,0.700800119010319,0.968312269015051,-0.588777583388118,0.653096763676945,100.468666091008,4.35410615026092,5.79712763299195,3.90930656790413,0.582993145657578,0.895023459514879,0.649038157613529,-0.414438960280884,0.162794849539794,0.746829199952129,0.542721498812235,13.5195289419617,-0.0135077419274917,-0.0846975830010684,0.00987435177429093,0.912697373177334,0.00159088359523473,13.8842119240016,0.574050155814778,714.419890088752,725.025517892444,0.604835335966716,1.01659593988542,0.519947891942543,19.1825152493768,7.16539629245723,14.6422327174604,6.50842892397103,2.42954752933281,0.436901837272378,3.69384025426105,0.607272522458087,0.488647597439434,0.743799274089114,0.445897063792207,0.369625116363732,0.0929359651835054,0.124115834675111,-0.0181907904691287,-0.0252547494580995,3.29854034288534,20.8464234333038,1.85518918116095,-0.208222768437482,1.5688490014431,-0.25472653888106
"61",7995,"QURU",130296,0.027056285209658,0.0371562097733285,0.19980842116227,1008.37998866378,0.0766982520837888,0.0867105969036872,0.256762632271132,1.60434209427348,0.0588949717959605,1.10609934650787,7.0842670292699,1.88310311056684,23.8474776174708,22.0174227250184,34.1713874228034,33.3894637481456,1.51097749340482,0.839915150048925,0.80017791590533,4.31602766125387,0.669680587186382,3.52310054676925,0.362525000022221,78.6095638947089,0.141301778902558,-0.671395102889737,0.184281879275736,2.82137906108085,0.723940918076169,6.4582373827739,0.871882971152546,0.994974773988298,0.99972840033872,0.999984447508519,2.89878715137208,19.7807727271257,-14.8874941756195,6.73016168577948,7.42003780811068,0.761970827974193,0.785841813491848,0.0925735668860656,0.118413848362566,1.13046324715052,2.01201056063528,0.6941523033831,0.973101554094981,-0.609509836426393,0.712369840640998,20.8783619258387,4.33477030908104,5.63937298212628,3.65764922499507,0.654227780794976,0.906566188782013,0.648376321860116,-0.450223170372003,0.130438504893706,0.777096293047791,0.557777213124501,15.7059580195051,-0.019090125714529,-0.121220860023458,0.011315935055731,0.924134321667002,0.00349585736438214,15.5909006364064,0.61121720758444,712.509684528894,724.526495806551,0.645868325080225,1.01394852291762,0.582541782831972,21.280110635724,7.42003780811068,16.2935340773935,6.73016168577948,2.66352635811923,0.398812785784045,3.62987484074522,0.617094716839251,0.432447565943851,0.787161011637187,0.483905452595611,0.413096905935831,0.107512866487893,0.137746944324412,-0.0208589332145409,-0.0304676321514203,3.78634434066166,23.5339035658983,1.82222282076403,-0.194473625377266,1.4749339177257,-0.23710920679311
"62",7995,"QUSH",150171,0.0181064245106564,0.0274625536044422,0.143778431796863,2.33149408963464,0.0819464130702841,0.0895211992865453,0.233005071387399,1.53491492893724,0.0439959376131968,7.79178394073181,7.25182128547143,1.48402104840903,20.8661022022232,20.0793262762135,36.2586746525404,35.9979527613399,1.72862132064535,0.730285793073733,0.823968461641588,4.67662892695468,1.16200330165808,5.5735914491739,0.435482595011618,109.676706447994,0.128956321699949,-0.569140222251623,0.464997007357154,2.39796760840843,0.765132355299435,7.88543162495658,0.736358542686595,0.993687842685235,0.999612150745413,0.999974855905736,2.44705241116005,24.3044780545318,-13.86549943149,7.16278265803663,7.39058927187462,0.775036893378574,0.811406242935834,0.0582391094876647,0.0802032427191618,0.976690332961783,1.80584875637115,0.718842625222825,0.969514885274431,-0.574859013299328,0.599273995564391,-105.920876547741,4.64445768940518,6.23293950608482,4.29148823295756,0.511992328425685,0.896483703119421,0.665441311147459,-0.378915038391058,0.166176547222345,0.723041624302135,0.537195042067614,13.5381522519723,-0.0163569825052264,-0.107061475467753,0.0132691027435616,0.912543645501073,-7.83819654090383e-05,13.8599016895877,0.542181121733971,716.983381210337,725.681654019728,0.567557559081631,1.01594644257281,0.466095886031382,19.3267855698875,7.39058927187462,14.8355261012374,7.16278265803663,2.34568011699216,0.448400611964162,3.90341769747354,0.604221787443412,0.535433099605897,0.738759597303608,0.404779647701256,0.329679838985922,0.0736636912905897,0.101767344635288,-0.0628393904490405,-0.109149370673993,2.47926150573794,18.3406038787305,1.91416259490628,-0.236386090327283,1.69411971877647,-0.291251712054381
"63",7995,"TIAM",110200,0.0160345951107435,0.0245026692751484,0.224110075694952,2.30616960563116,0.218306253859734,0.214640707379069,0.366796695002212,1.18770491635859,0.0830548223961989,1.03278822981393,2.842729891387,2.64900909244947,5.01065785336583,6.18338624738399,13.0618250533389,13.487098598108,1.77338318588932,0.832434711079402,0.809530774744443,3.10162631574493,0.986840648186029,6.36005189146184,0.788735080125553,39.0326701005816,0.100206192609682,-0.565788600198243,0.233226066286941,1.31786086257421,0.714303522444563,6.2737842057402,1.27406140433334,0.932304957900002,0.985894932107294,0.99701653089648,1.33930951960323,11.349298231781,-6.00041037204097,3.93126919273721,3.55776029292641,0.623348084689048,0.788690643287057,0.0399853871512439,0.0678717942003439,0.473281748209957,1.14407876883283,0.603161271331153,0.861354709852842,-0.489360568450727,0.472572758576571,16.0379866217646,2.42967695481081,4.11209456413901,3.7395661148379,0.45158020449459,0.69341697825086,0.486825537208363,-0.119251434284786,0.282926428492965,0.585727849994703,0.409350045431139,5.50821650126175,-0.0130723889592202,-0.0323653210568019,0.0210895792344233,0.765635918348173,0.0304559087729358,5.40147396368149,0.451822590448933,709.92257872636,725.076079730647,0.476836715823415,1.08252911557385,0.419349673780672,5.90473519309202,3.55776029292641,5.0853188176305,3.93126919273721,1.48151773578194,0.709359688554258,2.55607106429339,0.57938024708165,0.728651503410385,0.564955458885715,0.365485087172289,0.29158232061908,0.0771917596662658,0.132080036270153,0.20710440964777,0.51638734995902,2.60120932314365,15.9605543371531,1.60799416297562,-0.148691216678678,1.96450899245309,-0.170732702356441
"64",7995,"ULSE",110228,0.0249740900868446,0.0374475075093458,0.194926904198585,2.39740297069519,0.0866296985680938,0.0903017909827018,0.255472526979327,1.5745850264355,0.0578234258303842,1.07786154024223,6.59935140397204,1.92617391248715,18.7084126688912,18.1274519058053,28.675583193066,28.43645976897,1.67686624972287,0.742738843385014,0.810530494962322,4.3779090689147,0.642220300466445,3.95198015088373,0.415686364541914,77.6396941368161,0.146788177463683,-0.67679800595425,0.226868287067394,2.47456946713703,0.749870512675228,7.24041673775393,0.895220239502054,0.993654501699247,0.999610415700118,0.999974564065506,2.53195536947786,18.3115697512056,-13.3283836433267,6.8019074832967,7.013049289735,0.766051345639065,0.795065839677654,0.0824230086739326,0.106442829504077,1.11491698926846,1.98944390816789,0.693318265304302,0.964476280988629,-0.589731223744016,0.708248445793555,146.756253334926,4.2567452867853,5.5808863077986,3.84427245633323,0.648852568416202,0.895858298629443,0.645178949690005,-0.390114557453087,0.204749765916522,0.771629908578434,0.557313221112922,14.0056491766062,-0.00574395502989336,-0.0325556287388263,0.00415898285287247,0.917602218674228,0.00512742691435688,14.2172818132284,0.60855009084825,714.199926447235,724.711368503388,0.644137291474959,1.01859660838063,0.584872739273035,18.9763400224255,7.013049289735,14.4557756741373,6.8019074832967,2.4490304341415,0.427818235086949,3.644710964844,0.556039705391028,0.490438844823187,0.677693697473131,0.489441233870784,0.41353682978994,0.100599227603477,0.130236946324936,-0.0149429602460799,-0.0206177518969171,3.46436399694898,23.2206183711429,1.84370132689108,-0.1923649513741,1.56938226380707,-0.236109764450378
"65",15025,"ACNE2",151020,0.0275898167881678,0.0385416194121465,0.239130351637073,1.98613852071511,0.142942534634667,0.145488091371811,0.337648116989052,1.32615584177135,0.0791175605486931,1.05357936054039,4.04158432178153,2.60884724707919,9.42028149826973,10.1260447091145,16.6791537329256,16.9969378413409,1.38575015010011,0.900643980040856,0.773549682692097,3.33481702467515,0.157939983326001,4.31885369991596,0.589525970325806,43.6844223609456,0.116914036703314,-0.646981442386912,0.193021567038304,1.72968627343917,0.712836332584846,6.16563887546972,1.08531930412184,0.977157261550902,0.997389284068711,0.999693641787462,1.76605414908603,12.3636746414749,-8.55781454059527,5.13892123815248,4.86002205759312,0.694776961170973,0.757359004786244,0.0718737066461225,0.101094288186711,0.792502349981472,1.59870141474921,0.633119723502471,0.925986132434824,-0.537558637093156,0.629592726683796,28.9673950540279,3.07868718854636,4.5004455506761,3.13191231488604,0.621373175290652,0.809052616495687,0.557694215578819,-0.253555087972739,0.215012869192892,0.707838192681298,0.49162351360938,8.86216694196859,-0.0202934863824895,-0.0789643267757641,0.0192374834944349,0.855897665370396,0.0166654835904018,8.29613481351713,0.565599883021209,708.097930127522,722.984906827234,0.598622814639575,1.04039862114948,0.560214385033101,9.7493051842267,4.86002205759312,8.33317143505372,5.13892123815248,1.88027822483423,0.556490221486304,2.87880022229642,0.598125440993562,0.583251072581852,0.652296368459104,0.4925636956685,0.393990551790822,0.110753529912798,0.156212570798223,0.174072148256335,0.359200341133462,3.75112495638699,22.7078758281144,1.64349274618292,-0.131131385182352,1.46785331003705,-0.154003238476549
"66",15025,"CELA",160882,0.0220770481703831,0.0290670942209671,0.194730587368366,3.7895969300915,0.0924897494267639,0.102057899354027,0.28355552174894,1.75373428607008,0.051208516043767,1.19840897734306,5.79782191410669,1.62802095366133,22.3324919130711,21.8995537730056,35.275709121819,35.1239474379026,1.4974000993553,0.917268391510317,0.780694414891368,3.92550847348316,0.617396817675064,3.87919572191555,0.363306091308573,77.8756539872286,0.101658441526835,-0.525448762746506,0.285232365810428,2.89367456571139,0.701084986904117,5.89355974409826,0.73294025196322,0.994059921581811,0.999647086517052,0.999977866885008,2.96145766101032,20.3697469017406,-12.5797959730391,6.14014258194124,6.2712875124448,0.743817460540527,0.762552763687649,0.0939286025266857,0.12878077933524,0.77697525286895,1.53996720056591,0.655131912736754,0.965372760575804,-0.597616006968656,0.603940175818784,121.466317794539,3.76326386940157,4.85814142887553,3.1730319993441,0.527659728222474,0.899342653536149,0.612542444425291,-0.453907065899712,0.187170931407963,0.726132108057008,0.500849331101461,13.0419759477495,-0.0199446466880023,-0.11114474309194,0.0133419404628409,0.91993252599296,0.0016335202279373,12.8374537465974,0.545044690476526,710.147304065624,723.883486022976,0.570621790102742,1.01818366167892,0.463295718748634,20.0077860395214,6.2712875124448,14.6446100435408,6.14014258194124,2.85225672749057,0.370616502817767,3.2875058065415,0.553352671408042,0.476121876178269,0.717008512868644,0.412702733252172,0.330235894311476,0.0976336646731209,0.134276232063233,0.051862536574113,0.109570878690415,3.26176430682696,18.8693652457239,1.76365999162957,-0.173573522753222,1.40543856029475,-0.208290869193739
"67",15025,"JUNI",150922,0.0251136407788541,0.0438249586666993,0.176162724306106,168820087.832042,0.057584706840458,0.061268008365418,0.206541780484747,1.7572837946937,0.0489275192788302,39.5200461652128,9.75690356033962,1.74575565364734,30.5096150036788,28.0405149003675,41.9415108875648,40.7576725674063,1.91959003427422,0.617361765845909,0.840234708882922,5.49085273635122,0.521356957573404,3.80196441251741,0.337769232840006,124.570204944033,0.198693504949427,-0.763251126852513,22.7573262815285,12.3581961445065,0.787861425996198,8.73876671543821,0.906876462566726,0.997591158430454,0.999910090791276,0.999996492626286,12.7193466055351,24.3809839019004,-25.0268819169171,9.03711532093021,10.0572130684033,0.818524949424542,0.830018378607297,0.0876769138534856,0.10616284624902,1.75633122267538,2.77746146661286,0.755445217688482,0.980489145702771,-0.623883126229461,0.795058333225733,28.4998512845579,5.87353179790995,7.3410737782212,4.88426235352478,0.728589709673936,0.934581698365951,0.719994695339904,-0.470065367434042,0.149575043592614,0.820700286788791,0.628830717722334,21.6706321823243,0.00790344521386987,0.095422187706975,-0.00486969967243546,0.947683586167466,0.00253113390689092,22.8092609169984,0.661870024228233,720.602029871378,725.685597423512,0.700015557308898,1.01006137084802,0.670094855724031,148.387634326104,10.0572130684033,23.0883631687082,9.03711532093021,2.96278443590367,0.375337441879997,4.61048005571378,0.601019529251892,0.420941399818254,3.4456809959249,0.559265302498934,0.469676588765284,0.0930209036175669,0.112670486893245,-0.338019220770538,-0.53107120577181,3.25206350877741,26.1809296807086,2.05943915248498,-0.246635417680123,1.74749823782897,-0.317624801947641
"68",15025,"JUNI",160773,0.0204189750501725,0.0325953837679263,0.164355628808823,751.805437097694,0.0749660019254628,0.0862163572132299,0.229296627482385,1.71985357202907,0.0495112909510542,1.23743335551521,7.89318778612863,1.59072497614474,22.5668288630334,19.8246900148943,35.9158267617192,34.8908006100157,1.82404680581821,0.680742515740635,0.829549479661388,5.02481965616811,0.889547856540003,4.49269845440493,0.368383748081927,113.466604010993,0.145194050863822,-0.616437423262637,0.334564544594357,8.9424005738549,0.756801736059799,7.58153088755587,0.803823508342886,0.995366933893762,0.999747074365038,0.999985162005213,7.81555993309838,24.494374968096,-16.0960772116841,7.23165241779395,8.10952203326599,0.776906796945157,0.814388887930042,0.0751300807840991,0.0984043708729321,1.15459427065396,2.04107720822793,0.728779864394101,0.980612268884229,-0.58753221009896,0.669054642882762,556.51879443225,4.95084720150612,6.60639847876346,4.35808173417499,0.586558802175556,0.912060037918425,0.677962337166219,-0.449628095311685,0.128099346268298,0.758844176664567,0.561379462221376,14.7608545515365,-0.00726003048588994,-0.0328480886318268,0.00479172692221966,0.921653628783504,-0.00313277377919431,16.2610469569377,0.582567478577557,718.011195620887,725.804234765202,0.61361503213684,1.01014596408533,0.526877320565996,112.984253878995,8.10952203326599,17.717451857354,7.23165241779395,2.71425883959205,0.411302914292893,4.07938147040343,0.662684064878213,0.499478138383277,3.16145655349302,0.455515919451306,0.372823147575959,0.0875749577246643,0.115151045974562,-0.105529932262172,-0.177032831864629,3.0262929126196,20.691325195102,1.96770369287975,-0.230111179716368,1.66710042236567,-0.28939207442052
"69",15025,"LITU",140876,0.0273717519012654,0.0432293074137232,0.216933105412795,2.1301180405133,0.0746020031272371,0.0855059757048079,0.242376163319763,1.68033745744153,0.0635837414259205,10.384999421942,7.57823726208356,2.02163205053507,19.5503114893912,17.2325313263559,28.5944951969138,27.5085979278947,1.72412532518911,0.710135678570104,0.813419679420778,4.69886667771658,0.474006192003577,3.3118306333394,0.342409588403361,85.6316167301811,0.172918416907945,-0.743562738076666,0.281556478719662,3.03682548856895,0.752053520259913,7.37285339515386,0.956662065324956,0.9958143067442,0.999786854573103,0.999988277439067,3.08815993535061,19.5341760851839,-15.9782289465888,7.10250877047309,8.04498729105701,0.770545081745097,0.801819389403249,0.103544130549307,0.127833575433428,1.40465286405999,2.36302096690763,0.719904714021776,0.983993080430282,-0.592667802337187,0.768708427429401,33.013321481309,4.80179690658683,6.32613198129587,4.09100809132494,0.732779363894509,0.915381846450838,0.671268096970168,-0.4751235252919,0.100256687382615,0.804584944966247,0.590597017641583,15.2063556217712,-0.00289121503943727,-0.00146959638092056,0.00130427628129149,0.92240764319068,-0.00304485614680629,16.5444954961021,0.649808295498863,715.862844912313,724.761581578992,0.687359783227875,1.00828611758331,0.651082785061337,24.3008911839409,8.04498729105701,18.0392552024429,7.10250877047309,2.75650307774676,0.385852056659163,3.97104601646782,0.676896136198192,0.471587796808658,0.847201240924492,0.55660557114596,0.463410181778264,0.117876100648175,0.145824229482874,-0.100806136165462,-0.161080822562953,4.05106204012523,26.3907634346369,1.92151977170978,-0.210391105415176,1.61938619677276,-0.263127085576529
"70",15025,"LITU",140932,0.0265613109475742,0.0421012659508456,0.198866736021384,1.9300007653513,0.0786176753329318,0.0862164485917543,0.247169645730278,1.61620731618317,0.0611085789622365,1.13524092107804,7.31603443167366,1.9711468860128,18.8810668740431,16.8939614475156,28.3124855294437,27.398884362044,1.72530877202301,0.717236921605554,0.818915379098791,4.72824214523643,0.302679413959018,3.68157076847831,0.375843405078256,87.7865488746874,0.167385314791318,-0.70846630719309,0.247600190407518,4.55566485810379,0.756627112889154,7.55002357605521,0.945809475899342,0.995003104265158,0.999722850841452,0.999983417306992,4.60559727841438,19.6733838526418,-15.3725425136234,7.10933435542055,7.89690470331005,0.771849156642138,0.8056926252287,0.0890718699606606,0.111390787623834,1.34464995691063,2.28350680243935,0.722664577181594,0.981921697352313,-0.588386681615069,0.751153016942463,738.047187267955,4.73845137759287,6.38312111590804,4.14654426651112,0.708648248891669,0.907758845008761,0.669005595809585,-0.43397507785878,0.0921580547521912,0.795005298248705,0.584190780006323,14.7504134750247,0.00402638520955132,0.0444387682883742,-0.00285845838230061,0.917679268168242,-0.0011670213009438,16.4414336389526,0.638442464774994,715.241752529426,725.01895584164,0.675337850780273,1.00939925276917,0.634290433952934,40.7433693510453,7.89690470331005,16.7446185346119,7.10933435542055,2.57080338884334,0.417665443768469,3.92473019225573,0.695946130157418,0.487359449548312,1.8098734089857,0.542259631379176,0.448377280334472,0.107929478941676,0.135308941705196,-0.091478022212343,-0.146737584601895,3.74686317436531,25.2880125318055,1.90645518200799,-0.203706657708056,1.62416214450949,-0.253833146331566
"71",15025,"LITU",140949,0.0251603658221759,0.0387478615392793,0.204028840577113,1.83171565621542,0.0923665521651144,0.101634286098527,0.262190360220471,1.56269518553322,0.0653204315446438,1.11574819884205,6.4218205955211,2.02696329562719,15.5036974202494,13.7853976522394,24.6276381719379,23.8673823995369,1.72831725358071,0.737833874688203,0.812347733135092,4.44655814632423,0.3124071205378,3.88866858231941,0.405469025507266,76.756548456814,0.154117571048138,-0.67635693339661,0.25331430631872,2.56303443718706,0.74205890622203,7.05254490181206,0.950089249493852,0.992678605230419,0.999496074403132,0.99996201548979,2.60127426350413,18.2514130953396,-13.2585604695717,6.38666244866017,7.04311966012133,0.748148325543497,0.798445883704965,0.0852257649652734,0.109762445830396,1.1641339200139,2.05971500850016,0.708281977383679,0.978518125541937,-0.572735123296141,0.713090848495012,86.6961235454947,4.32176220895626,6.01404122330901,3.96772733277543,0.674049892606678,0.890153915449585,0.645949552313091,-0.406552266214549,0.103438139170517,0.77248406799865,0.560214524276374,12.4158206431409,0.00329279860401483,0.0333677743842131,-0.00252126234578176,0.901727324888936,-0.00212598842271918,13.7970735849855,0.61459196570592,714.004575851572,724.928218885661,0.650081311518201,1.01123234952416,0.596273893011952,18.4766932396252,7.04311966012133,14.1864988987946,6.38666244866017,2.39620322422552,0.445131663048613,3.69373113711837,0.687464408366817,0.523004070374589,0.834399999225793,0.518636905518735,0.42430664396043,0.109986390482068,0.142115672681342,-0.00898024227320251,-0.00515930940667103,3.81386652185663,24.04153272727,1.86446241748873,-0.19976488747583,1.6088441006886,-0.245992174427824
"72",15025,"PLOC",150985,0.0259716690247237,0.0401669769226163,0.209248463700068,1.80970135847595,0.0953061517175207,0.104953514771094,0.266509153927629,1.52679065349447,0.0668420814828576,1.11006761542559,6.1724696041785,2.13158642077102,13.945863622367,12.7781367125605,22.5232638242112,21.9931797075843,1.70444054295834,0.74012830784406,0.811438236740621,4.36345481376115,0.295424130056938,3.88160564713347,0.427284422516335,71.9816284097006,0.156689258063163,-0.695764285674056,0.239446295503117,2.42351916256832,0.754272125500986,7.42789414360751,0.987403755949377,0.992126924707602,0.999453085259811,0.999959597023748,2.46290029683562,17.1030651656089,-12.8323498129335,6.35895341220997,6.81713504752158,0.750082175050557,0.796953578798141,0.0838865442746774,0.107701060881209,1.16459207071018,2.06318860309438,0.704538357491124,0.976746963355202,-0.564187755916925,0.720950480865832,32.9431236630031,4.21357454864782,5.9062314867144,3.89592343857541,0.690567140920282,0.885496463636625,0.640126900488782,-0.388846245046559,0.109061108566253,0.774645711376556,0.56000950944655,11.9684604151983,-0.00456190985083595,-0.0172970831015184,0.00329605220095068,0.89691274609197,-0.0017259510225754,12.9200134195294,0.621628754785513,713.601962517944,724.837575942247,0.657855530168198,1.01216019159528,0.615933543657365,17.5300054178298,6.81713504752158,13.5565237995587,6.35895341220997,2.33368003719635,0.455800164067339,3.63078536730899,0.698379099319856,0.537200236070198,0.821806220715777,0.524046863331362,0.436321346356706,0.11020124775516,0.141917817773689,0.00600187154192966,0.0202136588283854,3.77181026311195,24.5957636283338,1.85055242590573,-0.193272486231157,1.57466406521343,-0.237308673942033
"73",19025,"CAOV2",50121,0.0304120603812317,0.0386171923283125,0.259072302042465,2.67306546170514,0.0777390584247887,0.0931522124152911,0.282492843561796,1.79631563834745,0.0658293353886348,1.16495116962586,6.44672900115992,2.01950114036213,25.151227104551,23.6088584203,34.6905027367966,34.0635279583288,1.35188851480073,0.924186013637431,0.7686951828485,3.93353196780024,0.549096109560897,2.67774734084845,0.301210752946393,69.2529344215244,0.121508386529584,-0.655360878524625,0.192343072948465,8.98610941048244,0.686512352324622,5.64322334991217,0.867489395137779,0.995909946987725,0.999802265380733,0.999990104565077,9.55966067324453,18.2872298704587,-14.7643077950511,6.34857896255455,6.90006777520791,0.74163630541233,0.753700305467982,0.138231303613817,0.175009358693031,1.02489124848063,1.89067128447741,0.660475646993366,0.976176358788552,-0.622696915187835,0.722513849290145,-15498.7203955613,3.94671473937516,5.01549487999859,3.11061058366271,0.674570313247844,0.915431102507647,0.62229776126731,-0.521332549276487,0.136497087809292,0.783846002519362,0.539399370577416,15.9577025912886,-0.0248259353388056,-0.137846187856143,0.0122142435879521,0.931359480912487,0.0019679656221241,15.2339386419763,0.617271457981522,710.397143479428,723.292540754487,0.652111918078975,1.01235082617527,0.583368545316481,70.2723640384337,6.90006777520791,17.6340329841279,6.34857896255455,3.21231973184991,0.327672792356559,3.35479408039002,0.593102356768124,0.39991822211545,2.50582064705579,0.507546362209441,0.419736803076377,0.133805919291999,0.169856723290223,0.0494489565944659,0.0998205236744903,4.55659096370483,24.5410498311494,1.750054417812,-0.16396442802272,1.37040644831369,-0.197995583579261
"74",19025,"CAOV2",50125,0.027233652045944,0.0391480191760366,0.187117276482375,2.48825696652754,0.0711762780306767,0.078300589011887,0.248524191847654,1.60911333740849,0.052841371093026,1.12151091467026,7.69647942805644,1.84712489085856,24.2923611670978,23.1495543703548,35.940633957069,35.4833713275339,1.49361103377425,0.788049123557527,0.806286340040263,4.50786890134137,0.627878687734842,3.77625493593946,0.374373006509334,94.6306565067684,0.146985332130821,-0.67540982878952,0.402252463729597,4.03607565338304,0.760447119872464,7.63941917860524,0.870173096140027,0.995828130404495,0.999797599969592,0.999989855994077,4.01744259298817,21.4919289144575,-16.1055995200609,7.62795187467339,8.02810212213746,0.786009062623571,0.79186096597906,0.0860757057015404,0.109254701102756,1.22276984948636,2.12869301637359,0.708386585275714,0.975286676256048,-0.59847953747686,0.720720634012851,124.140730305362,4.65913498029644,6.00068587542213,3.81311372844247,0.65303622594043,0.914373271183886,0.665459845985365,-0.439010866856085,0.164087912132077,0.782924248760211,0.571265935160472,16.7546074601628,-0.0173078484026008,-0.117550107893106,0.0102044976433292,0.928693097855372,0.00126007620147912,17.0530438358093,0.616427015005287,715.076196224191,724.498390195758,0.651140668130342,1.01281207097714,0.592642399856534,38.2931574713634,8.02810212213746,17.9558700617677,7.62795187467339,2.67732512099745,0.393688539459934,3.78670601001544,0.611885915776188,0.45797765122066,0.83542626237796,0.497243770317585,0.417629225732465,0.0972056687352328,0.123515622772552,-0.0825060317141616,-0.138342956014045,3.27726832526134,23.6193546808031,1.85222606806381,-0.189257794302275,1.52644904589405,-0.233690377839218
"75",19025,"FAGR",80672,0.0307548810979708,0.0336419305585777,0.305254764662402,3.54121783480636,0.0983631898637832,0.118676403361711,0.332344678069356,1.93885022072075,0.0702038292844464,1.20253844563637,4.99181652417656,2.09163018213858,22.3291236778228,21.877206811372,31.8497794589924,31.71869052144,1.18993979726586,1.15081389226818,0.728830448522602,3.39852143889856,0.45470322274111,2.45848829826604,0.297477524047408,55.9124186019054,0.0799599931479992,-0.566738137748366,0.219756030140846,3.51328539022225,0.641027382882615,4.79143787167482,0.823213812509649,0.994428508331538,0.999676275048602,0.999980136911354,3.61410864028878,16.1510438843354,-12.0493172252911,5.47725953913895,5.59191193702345,0.704863071935016,0.708072229020904,0.168130487196696,0.220823186826441,0.733881876446029,1.51063958963378,0.601871029719617,0.970471331369667,-0.614657147512983,0.667012425391819,8.97723948543184,3.20013785860889,4.12846438586551,2.478784794906,0.624591272086147,0.902863761972816,0.564232025319706,-0.523329854928939,0.163366622028863,0.755409755364909,0.482266229510929,13.3439005927473,-0.0349930816039498,-0.157589383459273,0.0173611476901662,0.921896442478007,0.00127087352455197,12.0608000438084,0.58402899092936,705.919874243899,722.021375705526,0.615153231305566,1.01549050802591,0.524139381266597,21.0427987170612,5.59191193702345,14.8707743223977,5.47725953913895,3.42986189657181,0.304688308588254,2.87689147665989,0.557060495830172,0.414487712845489,0.754744534369503,0.473577804647517,0.3803328202736,0.146785447778554,0.193616154439834,0.142850162244394,0.307454506575244,4.87730546284641,22.5933026083345,1.63076475856483,-0.13216330592934,1.22547632395901,-0.155327366259459
"76",19025,"LIST2",60533,0.0246251231183415,0.036322485037021,0.2529205305625,2.20618134288204,0.126912423122364,0.135401945818721,0.307917248012684,1.59383321838316,0.0797533896200174,1.10234546364905,4.64439599275099,2.32097000336087,10.8601096598161,10.0817439609741,18.7139861371034,18.3907293416937,1.65363455443693,0.79581210392988,0.780218353534932,3.70015921944308,0.263127727665376,3.58518092313458,0.427930117661789,52.3053890179008,0.124442920483085,-0.636475816999156,0.286454956020601,2.37855819465631,0.699354507378643,5.86063186388095,0.993723994230258,0.986720750007052,0.99881319174828,0.999889502533795,2.40620037621573,14.4133738849771,-9.70779301750796,5.11288568142509,5.39913799629948,0.689609948108764,0.763592937558343,0.101175800237223,0.13722142146787,0.868052286437603,1.69599847595173,0.652870471708738,0.960819182313349,-0.551974192942889,0.654265497121198,81.9540791910948,3.44139663468048,4.86386461853181,3.32991059402138,0.638949535012594,0.853375312998777,0.585226179051171,-0.373100151765461,0.167669433338993,0.734548994560696,0.508630290294263,9.18216334496955,0.00954228934262893,0.0509341795992596,-0.00701486204907063,0.870336262797701,-0.00206576239682847,9.85905653953377,0.579326807140669,711.126087450762,723.060662233657,0.612351705449087,1.02060010552055,0.542014917892867,13.4683029331038,5.39913799629948,10.2135525383689,5.11288568142509,2.33396775621126,0.450365338383467,3.17150811745947,0.613503155040062,0.565318603892915,0.722880862247161,0.481250641274001,0.393896977719249,0.132834454973196,0.180649395712612,0.139439734077406,0.284799256377011,4.50944189801259,23.2564657898302,1.75328120596811,-0.165911049122611,1.51083631453898,-0.198966306085184
"77",19025,"LIST2",80650,0.0266857822191451,0.0386706952009071,0.192451292758782,1.64403669066678,0.0718692222813271,0.0861185946966015,0.243025032840469,1.56206889185281,0.0605137734047142,1.13065776867,7.69113679947857,1.88835100515163,21.1070386264612,18.2486519890155,31.3137205462996,30.11442446845,1.62506745199979,0.776272178536123,0.81201202332054,4.6432083860425,0.74410863299075,3.62688633801044,0.355513363120589,89.6671009335845,0.156909000254095,-0.701614852710726,0.211360294551325,4.65965812725675,0.735851402277314,6.95050838893472,0.911004442376839,0.995406668245037,0.999762906101706,0.999987189243302,4.64193552838389,21.0777282878949,-16.1324681511589,6.92118622103232,7.95587277501938,0.764751349961575,0.799413880679242,0.0875953212996866,0.110663819883774,1.25492720086514,2.17429643274264,0.721457325187084,0.989443538309367,-0.593229262480284,0.728950312575593,-477.927731031539,4.67086427677696,6.37381010345222,3.99737168632557,0.680166437402952,0.910781821638188,0.665277210527815,-0.463153162856168,0.0435863376214095,0.785689064449022,0.573362278400068,15.0048791275155,-0.0128351130693149,-0.080241247169825,0.00758422277775618,0.915956926478987,-0.00392615795900782,16.3749906994108,0.623697713846258,714.949105962585,725.28891899049,0.658915625612637,1.00553258091818,0.605141521656511,47.8890192447382,7.95587277501938,17.6984903789036,6.92118622103232,2.58793868249851,0.410297460537763,3.85629084190205,0.771479958823779,0.464527053928946,1.95682228591265,0.518605385919614,0.429531380658604,0.107180518219922,0.135725812430772,-0.066189074422296,-0.108150250736421,3.74731493203564,24.2652079942034,1.89343458151083,-0.212821071483471,1.51603943201429,-0.263991477918296
"78",19025,"LITU",10066,0.0407599814538157,0.0457338787242101,0.399475827426746,2.36793407721854,0.103822098730274,0.114837258667468,0.345320589432516,1.87776495957403,0.0904974598315359,1.1343111385272,4.54097770317722,2.77533382245921,16.4132412200576,16.6443117759341,21.5097493389841,21.6515288632848,1.25875082204898,1.14880430758865,0.729124442889911,3.27541246797076,0.113668798889683,1.91137494164258,0.326561984763103,37.3181616626705,0.110554310437086,-0.731150508209329,0.177847099172634,3.11268213959799,0.651867692460233,4.84915075903869,1.06319454212263,0.993867928037283,0.999642676990667,0.999978481765941,3.20301234617969,11.0942031197423,-11.4414753965117,5.47497689644515,5.35062090099708,0.714018752336833,0.710792434656749,0.214082101362916,0.2618528877142,0.962511381262221,1.86044307399829,0.597710990886694,0.96602804098712,-0.609777225956559,0.795189472642596,58.3130295062948,3.0809085212139,4.00104232611949,2.43195396371066,0.836563057682989,0.896479702727001,0.55858896843003,-0.487270205714682,0.165369591441039,0.814181080680215,0.5151458147799,13.453294969635,-0.0299105233081292,-0.131414351970742,0.0132186153145142,0.921592577840949,0.00708696763482334,11.9948950118639,0.679162733717933,701.819568146847,722.090081456529,0.717845689957082,1.01772902484219,0.713120177192778,18.8122460777529,5.35062090099708,13.6460094347137,5.47497689644515,3.31163570058416,0.319223596962559,2.81381115250046,0.546823231184877,0.409044563012557,0.729200154789035,0.624812312646015,0.512806782150708,0.188094590860893,0.23065041009614,0.202004905950857,0.396481926590747,6.19711534368845,30.1877530905637,1.61420228320745,-0.129804023386919,1.20594688948215,-0.150846838010448
"79",19025,"LITU",30076,0.0262651318355153,0.0372883864648544,0.231317568655455,2.83882371539775,0.0844215305549966,0.100572763609721,0.273595081982888,1.76745186113893,0.0648124145437965,1.1564174919471,6.36262793481439,1.93455758445487,21.4568195556244,19.2550048869997,31.222339281167,30.3224792883142,1.47944299759011,0.835079850176429,0.779915387280598,4.02379839579745,0.547858265006063,3.02925740020498,0.318696564791132,69.3201552868131,0.127244321518462,-0.636006038822205,0.239243079539359,3.28884151706011,0.695398244480368,5.80204285238608,0.84888995411478,0.994832366792932,0.999708734459351,0.99998251714889,3.36031079823538,18.8142276623981,-13.9986833118501,6.05808686469785,6.85476245112896,0.73223683669484,0.768029898525058,0.116054160052238,0.150360225394936,1.03109444946462,1.88945963330108,0.673228315289365,0.972842257554561,-0.605286566101938,0.689479067573137,60.2979785302116,4.08032962214337,5.26116520146287,3.37781905280694,0.638714863435755,0.90650441888849,0.630337028667432,-0.499216672211382,0.159349577536324,0.765912783894102,0.540119132748337,13.9035072796193,-0.0158627238203602,-0.0831104741790812,0.00958264944761063,0.921098234093027,-0.000853817842458237,13.7897905582709,0.597032897501894,712.012617124323,723.454988538284,0.629959941514802,1.01417566505063,0.550565271812924,22.075191191936,6.85476245112896,16.3811671141097,6.05808686469785,3.03378277566567,0.358592930839758,3.48527474696425,0.590882001464913,0.441206615830847,0.757537862986536,0.486221417533871,0.397410230610506,0.123936923355445,0.16105704438905,0.0307860041059114,0.0674637053381193,4.32915864809695,23.2484871013609,1.79413747335576,-0.174515666739976,1.50530913605963,-0.212452571906946
"80",19025,"LITU",40051,0.0274651929902806,0.04017418226704,0.249083863418398,4061.47383810506,0.081502500988992,0.0982533948879067,0.258596246627071,1.85506961580565,0.0704355824281961,1.24170135259154,7.01747442432289,2.07312574865451,20.6103451442497,17.8318286127264,29.9334054698523,28.789199838138,1.60103176863738,0.77342702916878,0.791458764265833,4.34684273776742,0.717477097594968,2.92639133546169,0.30841131504196,79.7467617778602,0.14663530154269,-0.708587373945244,0.284481231763711,17.2946770724221,0.70923714598051,6.27111316891176,0.919172611194719,0.994997887035874,0.999700133519177,0.999979756213526,18.8050312811705,19.3671882983119,-14.8468438214109,6.37846636665239,7.38024032993551,0.736921695079448,0.779961071666643,0.126571288204585,0.1594715814052,1.19454142506197,2.11237894478624,0.689327942211849,0.977483765909303,-0.597659409310864,0.731732626261095,14.7548583025205,4.396504031627,5.69990050368707,3.68405203075512,0.701094175383983,0.910359120820183,0.644898694814323,-0.507157366794681,0.156172493742491,0.786657617643345,0.560586323890973,14.3427388239099,-0.00980127369304483,-0.0306062023978344,0.00487495570219296,0.920531821561082,-0.00402555581833174,15.1724974168386,0.626390966074197,714.664023842136,723.921711291989,0.661499927344165,1.01176941566335,0.602695573649216,209.614666709387,7.38024032993551,17.4700223876031,6.37846636665239,3.06295531244249,0.356693910352073,3.7049367429225,0.605789565347023,0.45457476871954,4.89290344219722,0.528210962656077,0.43507820100338,0.135243149888243,0.171174474054832,-0.00565731831704611,0.00518407012548797,4.7092471401154,25.4121041432491,1.85766660385043,-0.191594727513269,1.56608341196973,-0.237587035370055
"81",19025,"LITU",70274,0.0241591576875482,0.0370891590149437,0.179252988027712,2.29457847626772,0.0687129566138744,0.0797434604884983,0.239530111548444,1.71248086879665,0.0533259841626959,15.6627903367027,8.1038142773324,1.67432679874235,25.5018907021429,21.7849920459887,37.9597669506103,36.5314619480261,1.62426080002575,0.737346254950036,0.807882159692603,4.63245518073497,0.669293701664608,3.63696935094323,0.319436493890191,99.5284893572485,0.14094140286965,-0.629088827150114,0.248574232932349,7.8242149350821,0.738625115595609,7.03537656408061,0.808351548878488,0.996236245270117,0.999822180661845,0.999991205559113,7.55968530524257,24.3040839558356,-16.6832785538982,7.14901856364107,8.40192896068947,0.766343076559593,0.795840523742557,0.0886086698690651,0.114647724035794,1.19715214329457,2.09611632449887,0.72226317254687,0.98736504705138,-0.604634415895721,0.683517072403454,-289.999723351501,4.87293058389913,6.41012728927428,3.99915779059214,0.607938879236525,0.919320732390427,0.674678184565944,-0.491892047706586,0.0771151463022011,0.767995731930895,0.566518051758242,16.0130694815221,-0.00043122832089776,0.0204862935684176,-0.000325909495139491,0.925683200446822,-0.00383841835654795,17.6576771824384,0.591825863232238,716.79674764801,724.164319614992,0.623145179457104,1.00658106938061,0.536516228854436,84.3470275075083,8.40192896068947,19.1001802590618,7.14901856364107,2.85460249939718,0.376145292818714,3.95245131049283,0.70203065994396,0.450933314007121,2.12833167148482,0.467418623084979,0.383434853557248,0.100007253273622,0.129679167083791,-0.0961002037650461,-0.159356865030162,3.47946011339882,22.1742267759749,1.90353512025676,-0.194678167249097,1.60099562669546,-0.243872914937328
"82",19025,"PIEC2",50221,0.0201005786716955,0.0281220312450693,0.2232108128406,2.28276764825169,0.158177128493826,0.161724657619624,0.357288824296651,1.47220606694371,0.0665285947768835,1.08985335680444,3.48517453576719,2.08349643468875,11.2344759018116,12.3562876344772,21.2928142598237,21.6742675538552,1.43517914835112,0.985206156785051,0.757222710326139,3.18912633501342,0.285058385990615,4.74937235514128,0.53319813813561,48.5461428138611,0.0767296766795448,-0.487459072823225,0.282533942529278,1.92246960545457,0.664174514641877,5.09655315291153,0.810955881416333,0.977259034761214,0.997394557292569,0.999693291205707,1.95393090030058,14.1430937290521,-7.80471023229119,4.62951342908505,4.2894833643311,0.669439527682252,0.732103004235641,0.0786799033854247,0.119021482521842,0.527528545251612,1.20614389813697,0.593984170331813,0.926770235634481,-0.553340794137013,0.52589409309492,4.50940082435951,2.74682989001643,3.96394035237542,2.75979974331858,0.484508219310605,0.809855575216606,0.524759325747427,-0.291534119598631,0.220781502814277,0.658147833775054,0.434080593808753,8.05447388600257,-0.0111283153699441,-0.0364487133919299,0.0108036825444617,0.853685984845726,0.0141703931346007,7.57057893445254,0.494929444174995,706.074518924756,721.986280247429,0.518664770474954,1.03993462074206,0.421080616160451,9.84940460222777,4.2894833643311,7.86461329086596,4.62951342908505,2.11995930667496,0.491805434117772,2.70069387297629,0.565780103102681,0.579092247987961,0.646504558759744,0.382535176475896,0.300713473577296,0.105970548305598,0.16087336229426,0.165419053511081,0.386081451135139,3.42766251426996,17.5359742319225,1.61711485112782,-0.124815801903009,1.4876417855136,-0.145024997002791
"83",19025,"PIEC2",50296,0.0203272956401291,0.0261408634588541,0.253849655565635,2.41246971189344,0.208746329119524,0.198607137029454,0.42189955905688,1.43529779277831,0.0742647207863828,1.07226569818843,2.57585899824607,2.3894451096089,8.77699760116973,10.8088943425098,17.8358945665778,18.5175088304393,1.3587970944393,1.07934551706383,0.724649370393529,2.73309782422374,0.0416423325615043,4.8751329069849,0.6276309991361,37.393342026446,0.0551941326923601,-0.456383521053341,0.281223601769202,1.62820027952656,0.632275345284365,4.58879905084422,0.865945096114662,0.959283511358475,0.99371524688603,0.999016144814431,1.65446195357778,11.6290661717207,-6.21262963973965,4.10113133753373,3.49314551779612,0.630477630440794,0.697542306329272,0.0789519569592063,0.128189896001293,0.39904750348832,1.02600674560864,0.53320327523649,0.884341923260596,-0.537925117364679,0.482225804348494,18.1357722413662,2.21608539577738,3.32045549409438,2.34513448588804,0.452906315789286,0.752266110679524,0.461162421284793,-0.216185045223369,0.267036470689844,0.615145550871203,0.384916714181075,6.74549335493504,-0.0153924969187766,-0.0361487863420002,0.0178097574392476,0.823441072220732,0.0311769053301262,5.98585465373271,0.46291272998712,700.597142507811,720.762713833483,0.485562931613628,1.06624732118249,0.396410015990696,7.30296638276557,3.49314551779612,5.96329904853056,4.10113133753373,1.96721538797489,0.532422264650415,2.33930804380668,0.524355876853617,0.610904535146549,0.583808089959019,0.369317602687031,0.282031914090188,0.111807786292385,0.182184601724852,0.195674233823789,0.514763463767334,3.45370952920568,16.5310123140706,1.51084174577976,-0.0919989970501025,1.3683327298239,-0.104425868385971
"84",19025,"PIEC2",50326,0.0207382201008744,0.0285567502658076,0.249524830736567,2.39300083600078,0.19383106306158,0.184658020700208,0.39345363485666,1.40531520404239,0.0749685272581415,1.05690257680797,2.88323387923113,2.42833118082369,8.57764852057723,10.3741543682786,17.1806166900849,17.8236608589457,1.44724925976314,0.969956527479997,0.751905679057569,2.9554495033577,0.12195329744941,4.9150893995898,0.635629217305603,39.8951977960419,0.0736845980466434,-0.504606104015546,0.260419221952849,1.61759309768852,0.656618738901333,4.97322701183983,0.930622951094816,0.962193105553407,0.994056078563995,0.998992559293984,1.64754303874928,11.7006440082111,-6.71290540758954,4.32913802738284,3.76074090616638,0.651222625876902,0.725413286307919,0.0756786956079251,0.117881510690518,0.479331829035447,1.14708836757861,0.560122422835799,0.888295316438091,-0.534868191166751,0.520876355235501,19.715515784213,2.42352635788912,3.58969283172111,2.64622991634213,0.491938852848703,0.763366976183749,0.486974900950613,-0.212444627569705,0.269186842207956,0.639145826495808,0.411972323879149,7.09999689485476,-0.0125172014405217,-0.032633903572042,0.0147903353782829,0.834837354940918,0.0319109105419612,6.50284045091635,0.488622375878686,703.554437678073,722.032620287458,0.514883937744361,1.06419148591304,0.436905946916922,7.78722220852952,3.76074090616638,6.36741687583085,4.32913802738284,1.93079348313116,0.54577006567389,2.48926756842914,0.523671562083418,0.615559467015426,0.58082190838735,0.395139870871379,0.306730836398119,0.109688247970397,0.171731051839737,0.195212126127755,0.481476324434595,3.44650140983635,17.7075578698868,1.55754785343654,-0.109360597947707,1.42460246139729,-0.125731394184501
"85",19025,"PIEC2",70386,0.0186688817325465,0.0261286707101146,0.191572173416561,2.33954824408484,0.139167232205194,0.144647974814036,0.323776623334382,1.44057111584752,0.058946287911616,1.09045875335086,4.03626783653157,1.87940039619706,12.4588303874527,13.5113768271776,23.9410729016824,24.2804870728714,1.50152485460613,0.882399746598996,0.773406885981073,3.39296644131166,0.612813696583755,5.26660234095249,0.532866282521366,57.0407494770151,0.0867100195806927,-0.492698566062074,0.288111832242892,1.92265607565242,0.693779108124674,5.68461866615839,0.758843086711957,0.981174923455662,0.998091361894574,0.999804434565309,1.96076387551826,16.0421295460173,-8.43627118399619,4.99785456017556,4.69331126037535,0.691445816559663,0.755258137035402,0.0658527342925376,0.0996480379067036,0.570894489620555,1.25977858892649,0.623665200256668,0.933618277436554,-0.55591043450796,0.518938410346242,33.8333978830304,3.0364136794308,4.34120706243846,3.05728793987674,0.465572294273833,0.824264569738705,0.554978676271457,-0.294773826060691,0.232179431404575,0.659991868441417,0.451605007904025,8.64520183342693,-0.0119736060533166,-0.0453259647845924,0.0121448118587664,0.867090655378239,0.0118227213104157,8.19146870926394,0.491670598265374,710.913534219529,723.140121899936,0.513624405515376,1.03591592691104,0.410928329472139,10.5975011478334,4.69331126037535,8.57595849236604,4.99785456017556,2.07266893503331,0.499441934359775,2.89375694602117,0.565996998901712,0.580125325738385,0.632154363459935,0.364726460147096,0.29359603692503,0.0915836924686926,0.138741572506255,0.134050910853886,0.299151458192245,3.02787824724348,16.8722809930835,1.67658176938496,-0.142079507144153,1.51147196509522,-0.167197839268604
"86",19025,"PIEC2",70517,0.0196937699995298,0.0286849945891851,0.212876179455209,2.52933744561314,0.154082446225495,0.151401082844331,0.345613763290391,1.46146076971127,0.0626387637405844,1.08602287249357,3.64836628729364,2.0440472950327,11.5992185555343,13.2423678047089,22.1683613108431,22.7294902464878,1.52964399831255,0.880404101368347,0.770838660763395,3.32197576962389,0.293420584703514,5.15348589297031,0.565926088556715,52.7523517046761,0.0836443560182868,-0.497071304955616,0.268043564712779,1.79980349018123,0.679721082331944,5.40137339040085,0.801961108634701,0.977701038812425,0.997497463917048,0.999713830584782,1.83002064981099,14.5004097108688,-7.97275949726755,4.93477169473798,4.43775902851517,0.68840584293965,0.745280231391548,0.0727120906034217,0.109325647299947,0.555883395060925,1.24329824893518,0.600282488446062,0.915312308234623,-0.555851837291409,0.533017693851889,26.7507166999724,2.85499772456832,4.04324215674803,2.940168330923,0.484809023990742,0.810951675250755,0.536215342176303,-0.263321278446433,0.269093886260475,0.663216543320688,0.443710096813453,8.49136139160712,-0.00592653542703299,-0.0182841555042904,0.00623570490463399,0.867085946063147,0.0217859400576349,7.906701482151,0.499494467270649,707.216614792054,722.446887791703,0.523896346210702,1.04679313433857,0.429690102482232,9.85321486370633,4.43775902851517,7.9014828986057,4.93477169473798,2.08049223002665,0.505832222716903,2.78588640286207,0.515710949412408,0.583761662155206,0.584108878796111,0.387379263514857,0.303625654827466,0.0986979861203876,0.148752482679573,0.152067175880369,0.347282135627063,3.20417157226431,17.5346906903699,1.63942564275002,-0.129757089771458,1.5397248988763,-0.151902830323193
"87",19025,"PIEC2",70519,0.0198942188233171,0.026819817859325,0.215125264365268,2.31420881842914,0.159614271303068,0.163515753995112,0.358505449163537,1.4426086182293,0.0662816717362619,1.07855433938579,3.47260313387865,2.0582551909626,11.0381460004939,11.9754374808555,21.2121233769842,21.5216532572074,1.4180386276545,0.958444857907299,0.756179386143095,3.14350282089698,0.344099110864218,4.8678988983515,0.540827503489402,47.7792765412991,0.0756609840362201,-0.47990237229623,0.275473396343854,1.88085225127022,0.659157974031644,5.01281409534992,0.794660259844546,0.975514842273907,0.997122599123223,0.999656393857016,1.90574222258914,14.3196511184677,-7.65969325956559,4.5322226581706,4.25610777383173,0.663195875976188,0.732696221477106,0.0731907020401339,0.112529098499853,0.511946270648004,1.18210029535253,0.593005131212258,0.919721788579986,-0.552614582637099,0.511846890001134,26.885759912872,2.72775167788349,3.94670686457984,2.76228777825028,0.470381313548258,0.802579496102175,0.523160411453305,-0.283016320911569,0.237248185656824,0.649077622195029,0.430337078691486,7.82143939574869,-0.00777187769753726,-0.0257733127222108,0.00789236069478651,0.852696462923334,0.0173039314508677,7.32762702988904,0.485770784509356,707.105417988024,722.111321086521,0.508366102856008,1.0440938663252,0.408036764309777,9.38405653980639,4.25610777383173,7.64500293608234,4.5322226581706,2.05756892880766,0.505350820008416,2.67534208868945,0.551838648675676,0.582442768956581,0.624605945636606,0.372593922473297,0.291741654097047,0.10243925766032,0.157848344281688,0.165572759067923,0.389039768475006,3.39817312117197,17.0593069659457,1.61216650326286,-0.12483472614795,1.44124960328088,-0.14491076430307
"88",19025,"QUAL",60146,0.0247575749608926,0.0362296379749623,0.176739803908221,1.69503305297771,0.0799268905705973,0.0886090089606363,0.255177284839554,1.52601687909252,0.0539608397836355,1.12354715408748,6.98882734439764,1.79826161045395,20.0984906123025,18.9020786466199,31.6719968366947,31.2065411853165,1.55222088146867,0.776891740957077,0.80606276383541,4.36849877062156,0.626699088635979,4.22845547683192,0.408088524113045,87.3794624795567,0.139170540852367,-0.63357769481811,6.7945409089526,2.69889736521396,0.746566804293464,7.21645796005736,0.848413694662613,0.994123349089826,0.999660619755997,0.999979686985071,2.75166911416512,20.7816863416544,-14.351287772837,6.98756350422362,7.39465039216854,0.7668301507548,0.791869400548303,0.0753072578468827,0.098688347005718,1.08469395787228,1.94999727331322,0.710536996263149,0.981950580055111,-0.584723385089644,0.677129575784556,-156.325921562429,4.40157922604851,6.01976256376993,3.80461897084588,0.607509219943461,0.899140823828557,0.652581927077973,-0.409838653802968,0.0760600458435182,0.759098218524715,0.553159725751256,14.1934006841619,-0.0110985694759759,-0.0677363801720931,0.00751172679564332,0.910185371760644,-0.000595696514376022,14.8023551096175,0.589003442867724,715.170642383159,724.521914697649,0.621629525347327,1.00939571136236,0.546853558401363,21.7209389849037,7.39465039216854,15.5888728616961,6.98756350422362,2.44409729314579,0.433373207047032,3.67916433460136,0.723612175604976,0.495490041162329,0.952458800532785,0.475587314172248,0.386873096660075,0.0931309555803954,0.122339742162749,-0.0324415588276695,-0.0527889261406895,3.15334852839913,21.9757818516721,1.85379795831338,-0.188730699658649,1.51124380181262,-0.23250735317067
"89",19025,"QUSH",40251,0.0311930027966696,0.0420645927032693,0.289498331160778,2.6677076047219,0.102524630807143,0.10804090098047,0.313981381982003,1.79558171475758,0.0734745307967582,1.08611873448427,5.06179270572317,2.30229912787515,16.9847373193412,16.8536333600218,24.3268718186629,24.2740883956327,1.44403084622305,0.912515389054018,0.758898921805415,3.59089325771496,0.0898774768485434,2.68895561337355,0.358726344257777,50.5859583479138,0.120692333162652,-0.657329962409055,0.205490527072292,2.82023044500018,0.691318126777228,5.64371188882144,0.939655161849557,0.992951748846135,0.999547342763747,0.999969413668821,2.87414723551293,14.0591752383614,-11.5419743098413,5.83270017697956,5.87949698269503,0.724885330868452,0.742746401983995,0.14345378974185,0.182968246905488,0.969882235361734,1.82667694599817,0.634626202975367,0.959846446234176,-0.600906727852559,0.729917576231654,57.0998723812435,3.49046148541235,4.52130778177414,2.94777506140568,0.703755335228051,0.890364671648611,0.592498247894506,-0.43573222278466,0.218601112656501,0.780748162825808,0.527025206392765,12.9872341607682,-0.00250577126279182,-0.0102166359815222,0.00117735398169921,0.916071529238011,0.00682518998589515,12.4966141636461,0.624469436777987,707.469850396946,722.266206615543,0.661411589378997,1.02110339016575,0.607054664192864,17.956898288636,5.87949698269503,13.137854387732,5.83270017697956,2.95196988355841,0.361183979286395,3.121948969231,0.51259573114741,0.452977536386731,0.654612842994362,0.538303401963438,0.435914782957003,0.144016816835262,0.184260720538707,0.115058744490354,0.225171956367323,4.81971116320266,25.819623080885,1.70063839352243,-0.140397825206823,1.41752719426514,-0.167504658155742
"90",19025,"QUVE",30058,0.0267855980018078,0.0386903059999068,0.183461550926296,2.12152521055193,0.0755397516674081,0.0816467733866737,0.257353995986326,1.57557487593122,0.0540038723695276,1.11472841527043,7.27392968768084,1.83331633690766,23.4063095685902,21.8563803869775,34.8766633883877,34.25894800187,1.45132812074043,0.813047575659704,0.803386786609362,4.37721547314209,0.54769511885675,3.8667205535846,0.384436296464637,87.7256110071432,0.136283845059268,-0.643818731956157,0.204576217861769,2.68821722942805,0.740492797990784,6.94223086375705,0.855447154647506,0.995016653479236,0.999732946902576,0.999985074785689,2.74734144461106,21.1666940653134,-15.2891162034921,7.14818710568356,7.68848676126488,0.774472997724972,0.787206619268139,0.0823213134039734,0.105927744040355,1.12620357271972,2.00513144092907,0.703007682908533,0.975117069564889,-0.600651438871716,0.699660741734013,73.0075477550195,4.44945518916212,5.83315990190848,3.69233320321641,0.631219943479912,0.907017207914258,0.65537048872786,-0.427573412073054,0.134294796967895,0.77161139910347,0.558938978825467,15.7123293659618,-0.00588301137547217,-0.0318842450696399,0.0034877300254039,0.922840464866317,0.0020411028229971,16.3873630922123,0.602943438824473,714.316206441383,724.191708549351,0.636655555411609,1.01294229384363,0.568770322500812,21.5485854645278,7.68848676126488,16.6715345537896,7.14818710568356,2.58492321554031,0.413040142421216,3.6603884105807,0.645215013820834,0.45907200899057,0.790090251091075,0.486160700666757,0.400262789667796,0.0967139340318735,0.1247018308576,-0.0420786222572323,-0.0709104393116048,3.32350363488886,22.7677929398503,1.81384904975462,-0.174609014375453,1.54560701801208,-0.213993215926262
"91",23392,"ACSA3",50571,0.034399837587951,0.0415574800387011,0.290725419497756,2.1148811507232,0.0929034148512796,0.103568106385273,0.309357165414596,1.70545699853065,0.0728253173354703,1.10761051550938,5.40183202129691,2.358269307272,18.6415605803779,18.884611512565,26.1493102671467,26.2814440975189,1.25281838099196,1.00767105180721,0.756342702560879,3.60920598014697,0.469529885638545,2.69024055705936,0.368137916667248,53.2722075078714,0.119964903018476,-0.69923482853546,0.180879422320743,2.79692468167857,0.689759886526557,5.6408755770219,0.970918536645481,0.9937407412836,0.99962963870628,0.999977405800844,2.88734187009561,14.2120007866344,-12.4280357311622,6.08284551743987,5.96750964771278,0.737886131897822,0.737517697168132,0.142753661732796,0.179786664666781,0.97349049695014,1.83682583133278,0.63554519028637,0.970707438493128,-0.59913490478794,0.745765265008653,279.783535639907,3.46209755997489,4.54961583174781,2.80610409685378,0.730818094123665,0.89577509176216,0.589775582164282,-0.447714611529501,0.136774956073237,0.789740358979272,0.525997995276518,13.987899645344,-0.0350194216859123,-0.180528508199384,0.0186065694038072,0.916947896778714,0.00492081289610577,12.9173762581425,0.638840140855191,708.103486302993,723.059486359511,0.675804170992782,1.01524343041006,0.641349360647594,18.8619389342598,5.96750964771278,14.2925342284472,6.08284551743987,2.92449464559305,0.362324507111811,3.04986291747426,0.610866568073134,0.437406097149836,0.774685570578854,0.550668389017538,0.454464031256677,0.14225531612001,0.179600980616324,0.117608619961764,0.229920845834325,4.67428864005278,26.3228575129133,1.67764246394717,-0.145766553263033,1.26686900872289,-0.172755506749554
"92",23392,"FAGR",60765,0.0263311367736797,0.0373627382076995,0.207773964066061,2125.14445186457,0.0801421049645053,0.0870157432309777,0.262552448014878,1.66064679916693,0.0559254248877927,6.95306035825069,6.85112832096944,1.87190713711965,23.3529335652162,22.887842011743,34.7256719899356,34.5544453884131,1.69136184363483,0.804461861847905,0.807219746145073,4.58317495644856,0.261682050786874,3.88846633236614,0.379987092621732,97.5209635571798,0.144254975314092,-0.642076328901645,0.277765975792164,4.61763165763418,0.747954764629649,7.31587737604367,0.884800390303058,0.995399081116427,0.99976204854649,0.999987181508262,4.79174306081133,20.400234187639,-15.2882817842889,7.32430613991759,7.47228332586113,0.778200708350007,0.79107962621094,0.0979653895342579,0.124113023570155,1.14170768445981,2.03186651712404,0.698216357944294,0.978210504985851,-0.60044241286376,0.720914820202216,-49.6060547771173,4.44434574154665,5.83884348208217,3.8060324702085,0.662261398201735,0.910776654166691,0.651127404757992,-0.436514098459607,0.115320597308131,0.782213679113835,0.558003425353175,15.9704112843155,-0.0106683607338536,-0.051914192800367,0.00562888706024061,0.925226165896382,0.00228755128496899,16.3751721285938,0.618071115710425,712.071065974584,725.074474644177,0.652734075058527,1.01131174909539,0.596228710779728,58.4418818300915,7.47228332586113,16.8567201841399,7.32430613991759,2.7557400720402,0.387232485323757,3.73553895768232,0.647391074731701,0.462471260630057,1.26085397948553,0.508291034943214,0.419917493698354,0.104806311956854,0.133140358254555,-0.0396128178772209,-0.0618292971885844,3.49699472614531,23.4859967272584,1.86685563371913,-0.202631654689469,1.5432393792189,-0.250050109375685
"93",23392,"FRAXI",70650,0.0244764179426633,0.0366484649977291,0.206915591879751,12951.0885544206,0.0648916388989198,0.0730779375208552,0.226145208994763,1.94492378099155,0.0515299796355074,5.76445053286775,8.35749554797408,1.70503143243567,28.4647787402793,26.5617652928591,39.966947164149,39.1670772968093,1.76476851596446,0.716118053649187,0.818946941052717,4.94554251348211,0.821275051897572,3.2322700609337,0.300112627334748,105.033585225522,0.164448498656337,-0.699860946373791,0.295741397741123,8.45601871595584,0.755321916186766,7.44024138015132,0.853341136619891,0.997535865567707,0.999906571733565,0.999996301609934,9.0432559520258,22.5323542860342,-17.7932665292591,7.84108696987032,8.52516698189729,0.794389096425379,0.806764939829127,0.111206687971017,0.137785526438325,1.3403496559939,2.2732353968848,0.716030640339588,0.978826637675147,-0.618668085357278,0.75659941595303,-2150.25421574869,5.01988077655854,6.18256657209206,4.13932492572334,0.67690963339708,0.934024476515993,0.683628971705989,-0.519244111807104,0.18960231265712,0.802288168869601,0.586979873568358,18.6752213221527,-0.0123884809571921,-0.0840415276417528,0.00577503804376205,0.947318229856873,4.44425680477554e-05,18.8477662459699,0.633220747362706,716.037807429987,725.772701798288,0.669763520835431,1.0109402528756,0.6091166159711,105.362586908662,8.52516698189729,21.5321361547732,7.84108696987032,3.28714033140076,0.325462842114568,4.10415293816355,0.534248754839635,0.424201131016714,1.32822345604906,0.517014257558195,0.431752404287066,0.10470574737243,0.129991914245522,-0.143677011239165,-0.238673036191913,3.5455792282895,24.0431375715009,1.96847136073916,-0.240648832081715,1.54339696075679,-0.301634702144611
"94",23392,"LIST2",60698,0.0213953021072783,0.0348030443955091,0.172004945165601,2.22004300139498,0.0822515489522187,0.0898907469943361,0.247815231533128,1.62294980674856,0.0520565203912523,1.17489050070195,7.05631709520832,1.67065850002766,20.851999533466,18.8847213791228,33.3753264227102,32.6193229159142,1.86292773536757,0.685729187012978,0.820406160031431,4.74044949953216,0.242098821970859,4.34417157415508,0.376729633840211,101.391944275726,0.143044143860026,-0.593107563175311,0.284566620127663,2.75678971973152,0.761672287482335,7.73789343152561,0.815521433863596,0.994699497708081,0.999698770418088,0.999981891329133,2.79820109214543,22.6487156574326,-14.8086552725219,7.04657294582117,7.6997711534817,0.767541357852689,0.806387553669128,0.0766081731150661,0.100842225538586,1.12673294265405,2.00504941134924,0.722179778659133,0.980632088451308,-0.586844673024081,0.664452137432002,-1131.70559749219,4.73438223030199,6.39148463160747,4.18307002779941,0.588493758014011,0.905255401940138,0.668146058589582,-0.433902251666483,0.109867222726113,0.755250797119871,0.558146551595426,14.1679137495104,0.00712048421873982,0.0688182321752408,-0.00511682632104088,0.915092174269423,-0.00210514524115654,15.6202083859922,0.580643054382442,716.221937260966,724.814103305499,0.611667308602727,1.01010157990126,0.525237381606053,21.7908557986642,7.6997711534817,16.4629745887443,7.04657294582117,2.56989742897308,0.411100875470558,3.94560060303875,0.679070548151769,0.504944638015005,0.839007894387243,0.458940233936521,0.374900867503476,0.0917097492245333,0.121119433207722,-0.0742206305687016,-0.123761277997933,3.15108914184773,21.2016958170274,1.93945093052557,-0.205524223663358,1.65424714491092,-0.257502689479008
"95",23392,"LIST2",80783,0.0228532174911245,0.0313377949337636,0.220249430277245,212651975.953985,0.0893798146822001,0.10124479556971,0.286271511140184,1.93969071905828,0.0543332781108548,1.3521895571173,5.99834482347375,1.65669619103645,26.3527131611888,24.8182383636335,38.810407246986,38.2690637201337,1.57543175652876,0.868190054133891,0.779503285755046,4.07704331882983,0.228679687420383,3.21603581336901,0.300107736160363,82.1774282945101,0.105596953790537,-0.522614239193508,0.290700960530358,3.52885986651663,0.693501906781969,5.76367401658294,0.742661669232304,0.995705343266983,0.999775775828632,0.999987459501834,3.59260777358175,21.1251920618834,-13.776645845179,6.22442467854456,6.6953641961043,0.741586094800296,0.761990805642104,0.117791930771357,0.157558392589236,0.854681694956715,1.65107198592452,0.659093214883312,0.971062003228391,-0.618159104308815,0.632784153500225,-267.915695099028,3.97876577160305,5.00795524161157,3.22675157352775,0.556983532572503,0.914940155503714,0.623378034721557,-0.51616260093369,0.217503883038074,0.743688585244962,0.513988444336204,14.6025395482518,-0.00568870138399395,-0.0151885955064613,0.003283425002136,0.931857150088308,0.000406573746639965,14.4628141823689,0.561469622321206,709.683226580648,723.51668857372,0.588976642241914,1.01513551985242,0.480598526666549,24.7461486652685,6.6953641961043,16.8103274819424,6.22442467854456,3.27345556599583,0.321229859053625,3.42166929181235,0.514161052969436,0.433755738172137,0.694623712165344,0.428925900247492,0.346709395384901,0.110352953846198,0.148142868938889,0.0333680565841443,0.0759440582042569,3.74375227833615,20.0315693051172,1.79397275047308,-0.171543333426429,1.4567627818994,-0.208148958271801
"96",23392,"LIST2",90848,0.0240829964866695,0.0309595571642259,0.262351399702899,97019.8275699075,0.0975277078885343,0.109169812628959,0.311821141737369,2.13222902957498,0.0560336468694595,1.46595642372156,5.33511797083844,1.73329678143842,25.9628987287561,25.8810575567583,38.1869059823776,38.2014171354246,1.4508273272908,0.94075094714589,0.75900185213403,3.83025128801532,0.114477733264021,2.90988046378259,0.291181170806941,76.6437109676673,0.0919269966918221,-0.501764655783335,0.295978614414502,16.2279698135006,0.670756499567599,5.33989656850324,0.738534618554829,0.995920724107226,0.999795618324284,0.999989205184356,17.1476264901725,19.3603761510033,-12.954720879079,6.13508441944255,6.12388791063568,0.734825730234232,0.739054547489102,0.149326535589175,0.199523207484634,0.763028770673824,1.53022804995073,0.629275970995066,0.970573090992112,-0.618802046489358,0.635072624908365,37.9788075713841,3.61975409840417,4.53349288023642,2.86783065786777,0.561745132616705,0.916848364213747,0.597190183701326,-0.523464224244535,0.27150315129643,0.745075366741308,0.494520484966401,14.4165936346238,-0.0125973098671582,-0.0475629818568203,0.00625303923187251,0.936591542848443,0.0012188515089992,13.6074920176822,0.562806953921926,707.782445297604,722.999307336274,0.590421165327623,1.01541668252068,0.480719769079473,115.432463296435,6.12388791063568,15.9677180885084,6.13508441944255,3.65257920038056,0.289283991661636,3.18478857255723,0.467916916086784,0.430736390124271,4.00737711284458,0.437621313420086,0.347212718853331,0.119213245174726,0.160022644150217,0.073079547398313,0.160972134518042,3.94877716100171,20.1473122732867,1.73441919522562,-0.156268484867496,1.35964229014233,-0.187774006718997
"97",23392,"LITU",50355,0.0277927192558117,0.0351162366240217,0.274467418801873,2.78359720421874,0.107934208091255,0.13007275181986,0.340051599728688,1.85928654307378,0.0723619825314366,1.20139522226268,4.66913597606958,2.03427393868919,19.2146700639469,17.5315109060852,28.3875739205066,27.7803668940312,1.30603090274651,1.02253698745625,0.73115430830546,3.34376443105203,0.0181523974236538,2.58224808449949,0.299404656678001,50.9683897449368,0.0814884046194878,-0.519441635267061,0.254311660539242,3.49459715945976,0.64223196922004,4.76513635843063,0.799072551228328,0.993328186222004,0.999582562589309,0.999972770038019,3.56230835480765,16.4801907597618,-11.1733800426845,5.01271203712228,5.5537493022318,0.679325056678941,0.71569142105705,0.14397699675268,0.194509651288808,0.729903143034643,1.50021514888595,0.616381140899548,0.972569285943132,-0.603333577820047,0.630043812737385,-36.7648579902256,3.26574289548863,4.29570074101272,2.57399747070204,0.589007089321578,0.893554133437946,0.571910207436553,-0.523974131761185,0.140782922418866,0.735769488822115,0.48428444703097,11.5458402220551,-0.0179737442622932,-0.0733918963258133,0.0101579175330452,0.906829046967413,-0.00304616172456245,10.8738176114868,0.56105626909705,705.788037680913,721.358422258418,0.589854816757821,1.01434785132313,0.482926002698862,18.8393694227593,5.5537493022318,13.64138874133,5.01271203712228,3.13603943428519,0.332528280501137,2.92785393577216,0.589540896238779,0.438234091931502,0.781312400357576,0.455711329180068,0.356993606908597,0.144375028809576,0.195803584873302,0.14384521092575,0.304689743784209,4.94841103792547,21.6726380343559,1.64532989907074,-0.117677290682098,1.34193419215262,-0.13908159544571
"98",23392,"LITU",50487,0.0289669283683703,0.0447170745582299,0.230659123357791,5278.49157298297,0.0742208620492631,0.0865954759294364,0.249336339839525,1.72750086583802,0.0672236311351817,4.57350966409824,7.36244114265506,2.0765812603602,20.3652773365384,17.7218008799893,28.9185267541645,27.671819123389,1.67107538089408,0.728486717182136,0.803206507179145,4.49352301600882,0.430722752268299,2.9493689497571,0.318189270488086,77.3207736087325,0.167393941810298,-0.741276823464275,0.296836857805467,5.23129372007826,0.738766449322384,6.90599956205967,0.953554301064615,0.996033501881712,0.999810764023721,0.999990636359685,5.08584573829815,18.9575403464558,-15.6047315640839,6.78849901492892,7.87758657770162,0.759451234220642,0.79217407969744,0.114213985149019,0.140779667662867,1.37134016811764,2.3277138135046,0.71181414868656,0.984344305660936,-0.600083319413278,0.769123109868209,2.95708139795415,4.66386550424113,6.08605005346726,3.88738014568385,0.737728718709889,0.916723327547146,0.665231805462009,-0.497456673251781,0.0893534898499007,0.805222315450746,0.587313542014691,15.2868409578449,-0.0072172010234977,-0.0368969671570656,0.00356453177218344,0.924434583323177,-0.00325833567716517,16.2370625856167,0.649751789199192,715.710960329264,724.089644367788,0.687330925837623,1.00806889207477,0.647447600551454,58.3569216956288,7.87758657770162,18.1816277212196,6.78849901492892,2.87493385728711,0.368905057249885,3.85903420989118,0.670740178414953,0.447528247100707,1.54823016515926,0.561961788971293,0.463553129664166,0.127422517040783,0.157297069697227,-0.0655294955150618,-0.106829349429105,4.41134349694715,26.8991726615718,1.89314961785378,-0.193287521030273,1.58522299700246,-0.241152889350693
"99",23392,"LITU",50523,0.0321498395171078,0.0471697233534692,0.263950108475369,2.08512269076281,0.077942641816556,0.0888558173294348,0.257499084113224,1.73120257431497,0.0745623735205174,1.11420747594888,6.88986996227103,2.30890617281741,17.4172037379797,15.6746529600811,24.1843986783504,23.2908619095366,1.50783868613281,0.785822813649874,0.793372174397012,4.20473564829418,0.631606091532314,2.60700752326803,0.329037145755677,60.4517525957731,0.170650271547814,-0.812010801165942,0.221264618014233,3.08759777115231,0.724835657164341,6.47668707725282,1.01894420432538,0.995378020244864,0.999763447735845,0.999987465095907,3.15707313022768,15.8720759474219,-14.4596502202126,6.5039961052554,7.2933507673851,0.75160622515211,0.781853684963474,0.130634338370206,0.158955260194808,1.37542103488852,2.33961175172052,0.693843728968361,0.978118842182567,-0.595866659757207,0.796605932153305,135.071880655349,4.31566262115862,5.61590682928499,3.59499119345795,0.797589379798266,0.910068590644711,0.647981237842272,-0.482061389069558,0.121353475779708,0.817482241093916,0.585264632451166,14.5693927030924,-0.00990270956345333,-0.0618705328500288,0.00494400817347446,0.922867577460714,-0.00062599174556184,15.1044679962021,0.67375379256477,713.728670663028,723.876293490978,0.712506906786211,1.01130868332792,0.698197620992191,22.1546148233142,7.2933507673851,16.7088695519956,6.5039961052554,2.88424973336751,0.368233008544103,3.63380942155382,0.629332861017899,0.449355880471198,0.799925824325429,0.591575283939753,0.499268094298808,0.142828522315385,0.174132583572581,-0.0126755328740384,-0.01560437762543,4.90239961639171,29.0331407250641,1.82665725980827,-0.184600583952701,1.51845994221966,-0.225802543138294
"100",23392,"LITU",60775,0.0239613844888632,0.0400823363163384,0.197979341313521,2.16752466437974,0.0766725672903019,0.084985515936012,0.23331315718774,1.67644079947169,0.0595553049521563,11.2981662109682,7.65494828320754,1.8886735774878,19.8522306867259,17.5615702059798,30.1507976452784,29.1443760400253,1.87288723508171,0.65160842336863,0.824033662428986,4.89371991916638,0.576899720945421,3.8271429948169,0.361747516614714,97.1885345683087,0.17177394504421,-0.711529243231315,0.386747000409385,5.52946848252233,0.765059504426773,7.87385450545445,0.919702091392844,0.995179848941782,0.99973155379002,0.999983838364605,5.73291861141959,20.9319407582735,-15.6986002250965,7.2155877420807,8.08330458660749,0.772445965283287,0.812850118125443,0.0907052193025089,0.114145461655038,1.36978598736389,2.3178698141822,0.729159885934914,0.980270023320474,-0.587062984031829,0.737441593300235,215.360106468654,4.97139820588593,6.60446535674615,4.42654573702034,0.685581220748589,0.910234303589849,0.678427072300139,-0.443309350353267,0.123755731733427,0.789222647444911,0.587090612850962,14.9105214489855,0.00444503579651499,0.0521616641516207,-0.00297939946712371,0.920163975261354,-0.00241493418988219,16.6212820214473,0.628007958970366,717.887824852878,725.159152424596,0.66401018313474,1.01020720199325,0.611633329382524,70.7971265391241,8.08330458660749,17.3711238260968,7.2155877420807,2.667563004508,0.403606044193469,4.1201809331049,0.652482184433043,0.491921940464989,1.88021469107169,0.523216430923805,0.435453763957029,0.106989835043314,0.134949143128022,-0.121665222266474,-0.196688772342825,3.67798301785632,24.7125551305176,1.97533795221146,-0.226621681638343,1.70460739158376,-0.286330169204695
"101",23392,"LITU",80795,0.0251687257127297,0.037834020833719,0.207606133317184,2.37977245226577,0.0882425796833538,0.0997413504010695,0.264906346918853,1.6422605082863,0.0624093954403992,1.15476371680421,6.55399720082006,1.94953542990072,19.0156402807303,17.1122362197277,29.1269922916548,28.3355755416418,1.64037445875681,0.764375922352436,0.800770192336834,4.3262887452807,0.416022248887199,3.6478161813797,0.369410075978152,79.2386741051545,0.141371256224393,-0.648361096827008,0.273901226799784,2.83071003159302,0.732594424162339,6.79048754557357,0.888474051737704,0.993676239689469,0.999586717611747,0.999970118726374,2.88358612252671,19.4008413899725,-13.8303910949829,6.43400710629534,7.1219403999803,0.747776381494441,0.786475406302713,0.0932937839977595,0.120899775312531,1.11004128812394,1.99055791547921,0.695934282457709,0.975143377209959,-0.586383268415823,0.693865531110449,181.116093146873,4.31644997157372,5.75553787406221,3.75104098854648,0.64440492940343,0.898415914864691,0.643749953815737,-0.445426362185561,0.130581538554205,0.765855805371452,0.551965262345344,13.4577500704521,-0.0100984513243888,-0.0481636269635248,0.0067640862247383,0.911886184527008,-0.00110128682420057,14.0709286199576,0.601349197040363,714.294507498573,724.152530941907,0.63489054215723,1.01301580017401,0.567839892135246,20.552416981604,7.1219403999803,15.4928878828003,6.43400710629534,2.60869371688585,0.405241573021762,3.65568305462608,0.648346731100702,0.48501637875366,0.798468000965269,0.497831595456594,0.405319272138516,0.111278452469335,0.144709640489753,-0.00871836325020114,-0.00313831164669778,3.85131773352694,23.2751055379402,1.84867797849021,-0.186303954140482,1.58000536856717,-0.229558622367479
"102",23392,"MAAC",80808,0.0214946636949281,0.034708005761277,0.16123540965704,1.95467644490956,0.0776913787692751,0.0840184332618679,0.224954403657664,1.52164889631903,0.051663632161521,1.1359925132195,7.78627965757765,1.71179735571987,18.4343045397652,16.6489407409446,30.0428985976777,29.2579237322522,1.98469066101608,0.673381800527352,0.840286360855569,5.18530632905419,0.617946004462644,4.87707054412654,0.422330190644862,109.06061061111,0.170890611857513,-0.676008800825761,0.346354598518805,3.6599226592039,0.782367076182312,8.57559993482204,0.889635267135312,0.9948111205133,0.999710375065392,0.999982633404225,3.99500074622453,22.2627244213163,-15.3704367218178,7.4828412213747,8.13961081722786,0.789244318330922,0.82797264227851,0.0652079619323878,0.083598202740627,1.31101047238247,2.23519515464817,0.741703901802602,0.979241286401763,-0.576260106459133,0.713173726539239,67.7761893154885,5.06457421573393,6.97475981318179,4.76780761167024,0.644040079687647,0.905593613155939,0.684804696736643,-0.396494732576355,0.122450377738185,0.776716515828474,0.581967338407451,14.2297466378275,-0.0018851252546078,0.00140212973579003,0.00102297967052516,0.916224591214549,-0.00129863306478354,15.8709072727145,0.611756075162372,717.544913876704,726.92544018733,0.646726663962177,1.01082149916216,0.588818595675245,50.9005222920078,8.13961081722786,16.3625917770441,7.4828412213747,2.3111897834478,0.457627078521386,4.21836061971908,0.69120209000278,0.529408947852376,1.72521758771728,0.498503972686207,0.414276561928898,0.0849894576700544,0.109040060097268,-0.142206740126555,-0.235092714852085,2.9396546998399,22.5689029998425,2.01180691538097,-0.263891583653749,1.60859742712098,-0.332291128295568
"103",23392,"PIEC2",40403,0.0207698485097902,0.028164649021944,0.211076822853466,2.42297380577764,0.142887322368251,0.148748189370644,0.340432087594688,1.49467731571016,0.0632417877212616,1.09187963483541,3.92168138006294,1.99045541345228,12.1501086469019,12.9328897889268,22.7890028085158,23.0481485571262,1.37837290946423,0.9491354267325,0.755824053767377,3.24525789605849,0.48299118461175,4.66881107844421,0.505634068766577,52.5249415026539,0.0796359460602386,-0.496326250231776,0.281776799929862,2.03494118450842,0.668485281521795,5.21538515054937,0.782265276770029,0.981279763677741,0.998071376047506,0.999797224061655,2.07564337720211,15.2942068641216,-8.39957674085008,4.8625919837553,4.62887724765703,0.681138378573086,0.735985855708428,0.07719480599138,0.11544506429658,0.565695568852754,1.25660483405565,0.606133550347202,0.933778016040178,-0.557099599710919,0.53292699913774,38.5684118062886,2.92085186654842,4.13255322906123,2.82423186845807,0.485263824413517,0.825990451746541,0.541641280796678,-0.314440419651611,0.219320073939593,0.667502740566284,0.446272329338271,8.5519421603509,-0.0123538786166144,-0.0460834743953581,0.0116862738080459,0.866005848808554,0.0113361447466954,8.11337721006749,0.500162752782831,708.450813543156,722.251781570561,0.523614540802021,1.03591413348283,0.421450957049953,10.9030184658071,4.62887724765703,8.66876126318176,4.8625919837553,2.17496072585896,0.478861022799743,2.79404265784081,0.557155332818419,0.571912845403515,0.65074463809866,0.388566119077157,0.301910400901221,0.10254017521931,0.15365465540018,0.147505682694248,0.337483059135826,3.36978553701395,17.6541153772771,1.63457876391618,-0.129052430249499,1.46689138177604,-0.15104437250082
"104",23392,"PIEC2",40425,0.0191279266161836,0.0283711986799398,0.193126744128929,2.52313154797332,0.129747719948164,0.134030025918564,0.317314469896018,1.55400232363146,0.0564166562519501,1.11885435500982,4.32222449395257,1.791873604724,14.4675104949103,15.2323092951328,26.3776023599892,26.6281807326972,1.52026858769235,0.814157741981533,0.773343457647648,3.51496947671117,0.354017401447103,4.83673706954024,0.474262119838227,62.0587139835091,0.0905392839609833,-0.485491840710062,0.319835804486824,2.13722265187244,0.693057071648675,5.66977609177043,0.734667644508475,0.985901934798462,0.998747005976911,0.999886056696888,2.16990668157704,17.1139540721286,-9.16457835582241,5.28984096842609,5.06768984863039,0.704416091676099,0.75480435792062,0.0746636572149369,0.110006768985744,0.628699552615903,1.33884806475501,0.63145614152557,0.938844334030642,-0.57003205722761,0.537250133291499,32.9451067047057,3.25644724944419,4.4609037260449,3.08619809350385,0.477937805703972,0.847077410142953,0.573950164535527,-0.339756685349894,0.238556323869245,0.677541392392128,0.467036851618588,9.57835973477536,-0.00554135903228111,-0.0223191064753197,0.00510113479878718,0.886009612817342,0.0106459601524457,9.2176334632742,0.50420848402061,710.835671487206,722.65519335393,0.526417469263512,1.03291059814026,0.417926506469142,12.4435307035411,5.06768984863039,9.82146568515048,5.28984096842609,2.28208318182257,0.452529933861716,3.02087689178378,0.529329932759697,0.554504555887452,0.625827639236552,0.376955557278986,0.299303189949969,0.0948603755872753,0.140012461451196,0.111649234512102,0.243077733914978,3.1555644206695,17.4314823119246,1.71296971090153,-0.146767015847133,1.51784943886122,-0.174411810692165
"105",23392,"PIEC2",40451,0.0251961756848295,0.0380384416145759,0.214556748168805,2.13720730173766,0.0883605571570266,0.0994151969459243,0.262933807867143,1.6451587590124,0.0640786417533609,1.12799177013563,6.40937359986325,1.98560282377294,17.838184881069,16.1706906949194,27.3959248776887,26.7046869734025,1.5727376946049,0.738083379486451,0.795789323159789,4.16200523145079,0.625529373332382,3.49699234248779,0.369139915597939,70.7552602277864,0.141443710634417,-0.667282529570857,0.264096331393172,2.77865147562082,0.731632030374191,6.69871129090669,0.892801148010047,0.993519397019074,0.999595099522392,0.999973334065071,2.83548433836886,18.280803796172,-13.1166902910492,6.26988237953736,6.88397981485522,0.740854484230121,0.782923584478256,0.0970395835689893,0.126051288674479,1.09406512591783,1.97022545354251,0.692513436664502,0.974371926937378,-0.583023881621348,0.694943967747462,30.6735760162363,4.20025015669463,5.61747794163191,3.65519284016136,0.644976463295975,0.89538857818948,0.639463643997516,-0.442341097799225,0.138103129230754,0.765784262341049,0.551606757018505,13.0175032050958,-0.0114280185864192,-0.061681657531307,0.00728955789232788,0.908164939138768,-0.00156902014435488,13.4100709673678,0.600758012324634,715.135025841182,723.691361780199,0.635012671944423,1.01333325719152,0.565110560058964,19.2454697678851,6.88397981485522,14.7228196474916,6.26988237953736,2.61658890304208,0.403217520209264,3.59111426257934,0.633483240979107,0.488645468375986,0.77652169807741,0.489827670549926,0.404572214574192,0.115234567542781,0.150114214279255,0.0107067032766436,0.028006706739248,3.94774734268613,23.5672054606607,1.83669459122596,-0.182753912015386,1.56415310188536,-0.224282915174323
"106",23392,"PIEC2",40502,0.0196587552270184,0.0276890342631974,0.221666983345259,2.58429077790856,0.144898366604185,0.151494816070789,0.339024621766086,1.53582038350643,0.0636202647188071,1.10897047524282,3.78447963529481,1.99171749942832,11.9748413588723,13.1393660826843,22.564212033811,22.9543311345175,1.4083183665989,0.867010676684354,0.753127436607905,3.21678246430454,0.600088021945137,4.58371890710412,0.497717001618291,51.0342889539493,0.0802761217105267,-0.499669716946085,0.301215091879741,2.05163348012782,0.662241122433564,5.07749447405885,0.775705183962963,0.981118424048292,0.998027281833687,0.999786448805433,2.08772559069713,14.8077288540977,-8.17123902623321,4.81407750726353,4.46504611056245,0.677440409960581,0.734625414681291,0.0841533554992802,0.1260685419521,0.551973893507995,1.23759057508703,0.598392521699918,0.928117945130788,-0.557496141675305,0.529920763149142,31.2785382007639,2.87297066570746,4.02046072583509,2.79264336447264,0.482803908119605,0.825431347146118,0.537701051517401,-0.322298376770864,0.254123098951633,0.666206737674565,0.44292582746849,8.42993589627355,-0.0140435736703463,-0.0507836415360027,0.0127779359208331,0.868825225769946,0.0120879426162997,7.90224326537916,0.498337721612245,709.707037541766,722.119061689403,0.521454175909753,1.0392465362977,0.416667109080668,10.7984128039576,4.46504611056245,8.61083952539087,4.81407750726353,2.25752840824803,0.45973185501447,2.77992455181163,0.527565997078098,0.573660441479332,0.604564010291938,0.382317018459416,0.300837431722596,0.106653133835575,0.160160727923646,0.152154703670642,0.348933625813341,3.45886600712255,17.6112966590355,1.65118536846214,-0.13330499112521,1.46110456618254,-0.156624550349551
"107",23392,"PIEC2",50356,0.0214368256056713,0.0289600619682297,0.196470602441819,2.33937875519224,0.134176060615276,0.139508183574368,0.338480455887642,1.52410962929694,0.0588447300122495,1.07928266022834,4.1687720329328,1.85977179964526,13.9981915116608,14.4172383198939,25.4111482291898,25.5556865803793,1.47763883279644,0.945969883286531,0.759132397630454,3.34542045704008,0.120237560580003,4.55241571936035,0.472167915012063,57.3439840620874,0.0827810596178599,-0.471340124681853,0.28125399942587,2.16283193165499,0.679411919199409,5.41609970934356,0.750427189021891,0.985021238467804,0.998601791769412,0.999863182569046,2.20103908069803,16.7894167463027,-9.13798905541766,5.12843437424939,4.99864244377151,0.695248422677448,0.740144477006274,0.0750681578142936,0.110798894364316,0.598354046092309,1.29844218055911,0.622247307062005,0.944860657397786,-0.568130626376616,0.537170579805992,51.4321612302961,3.10332873106552,4.33006086769609,2.88655871441892,0.481855891036357,0.843320178782563,0.560340001989658,-0.335160951639694,0.201605885654738,0.675451852456015,0.457962936551192,9.31429896771042,0.000351585275729065,0.00364857645999438,0.000285604319799785,0.877006269811383,0.00922218687231247,9.1847455479348,0.503713812593421,707.829321884927,722.282235012518,0.526278502450361,1.02963024135516,0.418806526591667,12.1668330092986,4.99864244377151,9.58879864203123,5.12843437424939,2.25169623140884,0.458578664170235,2.88005335198039,0.574743127188876,0.555421632610358,0.680135942677129,0.391037765586888,0.299544569615421,0.0970397848618357,0.143699103493649,0.127914227993095,0.283529704763045,3.24910240721327,17.5448185849472,1.67132873210924,-0.125347697377334,1.38741319260918,-0.148107281339087
"108",23392,"PIEC2",50376,0.0229357475703662,0.0260195941757189,0.306029459866085,2.88755663878882,0.205118675863369,0.210540413361625,0.452903704345392,1.64338157565087,0.0789618985303695,1.15526040441805,2.38896005935471,2.43434040215458,10.4732514475734,12.2484128930364,18.9905516429663,19.5835951145115,1.12425618195744,1.24458986393819,0.670124482114636,2.49364607198399,0.0298939829649241,3.60155831460802,0.49954063961358,31.6861539107862,0.0313286548450175,-0.432121750192066,0.327405863650259,2.0739250463454,0.581582782979522,3.85163702644008,0.807547499344186,0.971922719827211,0.996505953830977,0.999562284864757,2.12519430485852,11.0151918832578,-6.21462458791945,3.8570268629753,3.32209543164532,0.610312410337744,0.64169085065884,0.122065914756789,0.192109632304942,0.35873516538924,0.971520512622675,0.491353505604715,0.905187230671545,-0.555388324465684,0.498177513299718,18.0754481945029,2.03466670773663,2.95116268232301,1.81620043157653,0.476914952576151,0.788920609555465,0.436900006892264,-0.326908921583883,0.268002765329705,0.634979751209139,0.366867735209828,7.01850051753027,-0.0346072302691967,-0.0809684934408884,0.0308874490726031,0.847513577005081,0.0192805479304555,5.7083234083264,0.47580311555722,699.352750404017,718.964526539491,0.498282004158115,1.05281572809322,0.394102727862881,8.63433915367382,3.32209543164532,6.56612822048856,3.8570268629753,2.3948590384679,0.429054212773561,2.1767199463888,0.483041019990785,0.551087274857691,0.583052050223947,0.377520291973004,0.287566026033511,0.141079671579339,0.222428972026478,0.206505765691148,0.566677409580477,4.39439358448197,17.4390987912844,1.44831276782327,-0.0764281986708656,1.20229840234454,-0.0856207440804526
"109",23392,"PIEC2",50408,0.020171075119189,0.0262985079435532,0.207832971510502,2.3962503032268,0.155398140999293,0.163390959229159,0.366102708659333,1.48096166613477,0.0630492712634283,1.09180930974738,3.48935975786757,1.94967785977144,12.515453099743,13.3393972049437,23.4140881083458,23.674943355868,1.37990840678339,0.962320958949286,0.740183322995452,3.05666948576158,0.177230710279982,4.67118842108587,0.501450988854417,48.4606776424097,0.0690605743050235,-0.445678691863749,0.260380502888851,2.01255430665643,0.63773232039477,4.70576939777985,0.735647784141973,0.978762470364545,0.997704454315026,0.999749455811094,2.05737436507487,15.2137383589586,-7.82299213885999,4.57904847153996,4.34758625254759,0.662250388354471,0.721693557422642,0.0746331796982267,0.115696817852025,0.489418449532197,1.14527709023898,0.58570683811984,0.924477962860564,-0.561518766939466,0.495646643298361,30.5386650252963,2.72153477790634,3.85994665239878,2.61699678246478,0.450627472090795,0.814424393982842,0.522594086914008,-0.321196803775946,0.241333949820414,0.644066089659221,0.424906186221521,8.1658734177357,-0.00421730405415299,-0.0149979582548016,0.00415248028356286,0.86341428205005,0.0160031505759878,7.31564756133028,0.476661948386619,707.252998605458,721.569144567029,0.496367075786947,1.04122431191511,0.38736737545259,9.99366991855807,4.34758625254759,8.29691355935621,4.57904847153996,2.14676520241613,0.474555603256748,2.66497451839021,0.543242810957499,0.563203422616378,0.617157141442654,0.366574387549437,0.279654872652173,0.100764233644868,0.156525487255783,0.15806173662146,0.376386887752078,3.41243636314033,16.5471827182566,1.62222005187552,-0.11599399311142,1.35634935445215,-0.13518566547767
"110",23392,"PIEC2",50466,0.0208275070435595,0.0276755809764088,0.232692977415875,2.52192922104798,0.154910207090556,0.164808488891346,0.367883884407379,1.55937738282689,0.0666410983922256,1.09816576844701,3.45939920802877,2.03680975780793,12.3563477156678,13.1545587489444,22.5013057110909,22.762790631398,1.35133826564872,1.0088737817677,0.737725407512023,3.0729486843447,0.197766600611431,4.19640108283376,0.474722949088416,46.3280959199945,0.0680407391753979,-0.465276856814449,0.292195645370469,2.15425703747251,0.640930448721854,4.68877185062228,0.765604778361384,0.980638103314653,0.997975160706485,0.999784361053006,2.19230937245691,14.4091767822898,-7.9552961419516,4.53337207985193,4.29791862388521,0.660459286708047,0.713828657593566,0.0908816199722464,0.137299822156403,0.508393784614185,1.17735915350701,0.579369624880389,0.928786253884423,-0.563271361047362,0.521904452459206,26.4414498721263,2.70631938098082,3.79607724130769,2.52830469609467,0.480048316851237,0.823180127438173,0.519863458611297,-0.339624103638955,0.235780925802511,0.660915513697337,0.428296052671819,8.2258678812797,-0.0115830370922548,-0.0365695731430653,0.0105830154953137,0.864106258690333,0.0116975481176157,7.6186296021054,0.493171877849187,705.066953972458,721.29279196489,0.515547293632377,1.03872200827453,0.407043186164198,10.7267530999058,4.29791862388521,8.45205612807348,4.53337207985193,2.31453393839407,0.446951869368429,2.64436656909023,0.537474958062978,0.555085681000116,0.627957059487614,0.376782159462561,0.293998074897739,0.113561414535575,0.171986260274396,0.166133462565109,0.394064654469055,3.73196239705415,17.5086686493226,1.59576977749151,-0.117360799439325,1.39532354334082,-0.13584236095092
"111",23392,"PIEC2",50475,0.0206966677242894,0.0259493240455569,0.244025525834979,2.59496680850377,0.176945981607064,0.185839411528582,0.400237170613789,1.50665220459424,0.0702258672424938,1.11912391027484,2.95401249827198,2.15381486169209,11.1259158664561,12.4040435715716,20.9293107137246,21.3394935813899,1.2964472024403,1.27184356152471,0.718128670991447,2.8191931160452,0.209282707365058,4.30797163974099,0.513673537670488,40.5154738689372,0.052798738126352,-0.443484497462509,0.271553767108455,1.98402488604096,0.61710577824981,4.31531171256566,0.768769657318505,0.973356575553188,0.996742412906488,0.999596760198906,2.02327468791428,13.1805153985273,-7.02369953306277,4.17454887405254,3.80755173541543,0.6342693801394,0.692793105518382,0.0895231640061578,0.141274739111988,0.418357233237462,1.04827162984058,0.543600470901051,0.910556444640179,-0.555729680112057,0.488290392675313,26.6247248341213,2.37446317500151,3.41679553205385,2.26675238103589,0.454504197447445,0.794609732215102,0.481879381091742,-0.312895574059176,0.240251523554911,0.633350094393447,0.396202398455171,7.38833195952944,-0.0194529689756324,-0.0514096700816496,0.0191281498607772,0.847328538992474,0.0178870678707767,6.47630778708665,0.470510303153637,701.600880364949,720.818780997322,0.490907458836625,1.04964088283502,0.383538748430354,8.97590080472437,3.80755173541543,7.20768040790441,4.17454887405254,2.20042531631255,0.467299462208367,2.4288438880473,0.516066081728294,0.568653309026178,0.619460081594341,0.36219041391527,0.28020619625341,0.115895338331755,0.183159442550147,0.183746793300799,0.469368555096171,3.7862499630743,16.6292928580015,1.52908765406878,-0.0995683822810772,1.34448550982397,-0.113431440743605
"112",23392,"PIEC2",60654,0.0215860471107423,0.0282483167178386,0.223389515414948,2.75660372055221,0.145484636313849,0.145648836084253,0.360589940537566,1.63353936556547,0.0579965468241817,1.14698058586626,3.66824849638007,1.91826570196994,14.3501222777527,16.5360690218777,25.9832115014541,26.7110157862211,1.35023062527296,0.98183882747065,0.740660745888759,3.16556850387825,0.154305634024293,4.4680968792873,0.487449351222486,54.7423311397091,0.0681269725861907,-0.456342324529076,0.312473620387467,2.124749995927,0.66697924365291,5.1842012040172,0.741352923583143,0.985243817912137,0.998668268505811,0.999877618521304,2.18008529886892,15.2891413833621,-8.43146620894582,5.1503027746277,4.50911004906958,0.698957301676617,0.719191863142404,0.0911708911282937,0.134667886153489,0.518012932325169,1.18545848900549,0.585358137745445,0.938706777904839,-0.568248016620069,0.535947488412246,55.9888880696079,2.79396753962357,3.84949605547439,2.53996344555278,0.479343478636384,0.843345465435008,0.530788170493005,-0.333108136220684,0.223016315624799,0.674786885995512,0.43503031250416,9.39340171240357,-0.0146687889134658,-0.0525286860100582,0.0123771724670891,0.882933819639339,0.0134241867055432,8.50485008923157,0.50300694847384,705.596538935153,721.907278835155,0.525590024838823,1.03298554871679,0.419618102700978,12.0464819979776,4.50911004906958,9.05481596588416,5.1503027746277,2.4319933869729,0.426579700703986,2.69284708828572,0.520137387518513,0.549704792939619,0.64732005889856,0.381919916690897,0.298641869768354,0.103636782660674,0.153504176199989,0.146650972111686,0.34011710263188,3.23413012472901,17.3089330609329,1.60829182429179,-0.118097487975883,1.35096027933391,-0.137483233124784
"113",23392,"PIEC2",60668,0.0203150649862594,0.0274998685012631,0.19674722113158,2.51150471521319,0.139471236757476,0.144737377269624,0.341466149399991,1.55111096915891,0.0561680823660141,1.11380042801436,4.02573922023763,1.83065421188313,15.0194856364956,16.5081347535844,27.3339888251893,27.8169741028883,1.51363487096459,0.916356160095594,0.757213331506359,3.32170974242891,0.194917765145784,4.95169611877157,0.50125984256561,59.7676900182259,0.0784337384130863,-0.458506638800534,0.287706647511245,2.07787342915719,0.678212658310638,5.45358625422061,0.726918147882208,0.984259923871452,0.998524580031612,0.999859529893816,2.12109942050718,16.7915962068482,-8.86132375684238,5.25116282220512,4.82665012947759,0.700024089151919,0.738039012466498,0.0748832369880965,0.112201555277202,0.551420363628586,1.22986650950655,0.607590472910984,0.93615787857659,-0.569025579675448,0.521405691613207,39.6035254775546,2.99846814813821,4.14870321884534,2.82533704019664,0.463270013822765,0.839280980142577,0.54948307625898,-0.320530037381449,0.209862670872094,0.666408829357482,0.445325936613317,9.56928643241255,-0.0168428812425256,-0.0669668896368033,0.0150622486265367,0.880520232408371,0.0134223752528546,8.72986685549199,0.494194469369415,706.842211726484,722.479915500509,0.515124554736093,1.03454527398478,0.406765708553345,12.0786583720043,4.82665012947759,9.37770092923339,5.25116282220512,2.2762331094828,0.460935623530814,2.84140573988388,0.549565972452731,0.555562786057737,0.671533429970504,0.380778248482812,0.291257928113628,0.0936620478026082,0.140769153111648,0.127988013247506,0.293319609553332,3.05732851536091,16.8154665957521,1.66426468993553,-0.128338636162449,1.38209315178318,-0.151295706281184
"114",23392,"PIEC2",60672,0.0203485324456553,0.0277267359877633,0.185885507582924,2.35536632259919,0.134100527032732,0.130248364770217,0.32728569438498,1.5262424119511,0.0526908536408194,1.15708501559982,4.35673830963975,1.80516454258623,15.5366754645632,17.4779723839214,28.3479059082314,29.0085628972302,1.49766972355667,0.967367785204156,0.769353487701005,3.46685341520363,0.291511096017331,5.36242560758781,0.53566356793038,67.0462604443386,0.0824542673474099,-0.476180811167786,0.334433310877034,1.90220609701466,0.694540968352624,5.81154426911203,0.739805773567082,0.98422720237075,0.998487634397608,0.999850997444669,1.93921239564017,17.3548610350723,-9.22009218097839,5.67297712213673,5.0911270987383,0.721669063557527,0.753513267322607,0.0677289253320205,0.100156170967502,0.59120632685917,1.28351913123917,0.621029493444571,0.936122897159459,-0.569827815859357,0.537260920776032,35.9651195138055,3.12452399877128,4.31726061422079,3.00598150024595,0.472210898402488,0.840211910238105,0.561394449978,-0.299711019457401,0.25706157761148,0.675047158687752,0.456640172918534,10.2714954054744,-0.0133640977385679,-0.0527468683889681,0.0125773918043016,0.885481189428205,0.01699694536602,9.71186911041398,0.503490527352182,706.706840398656,723.199041240466,0.525995157293875,1.0344609238121,0.424981734651674,12.0858456707011,5.0911270987383,9.6590615895425,5.67297712213673,2.19799093338976,0.478639256417376,2.94088079915903,0.553137008309681,0.560364054346265,0.605024422481008,0.386353738986726,0.299729584373692,0.0862310429156893,0.128094627339335,0.111425394895381,0.250576646028057,2.7732947582371,17.0162794441929,1.65384803004405,-0.136464915784117,1.53523395810605,-0.160048879924247
"115",23392,"PIEC2",60680,0.0199303818597984,0.029178202198163,0.192132421053357,2.70394515194914,0.119452457911905,0.124941362692566,0.31030243197622,1.60732571798854,0.0535798373319193,1.12173096630797,4.70619819104905,1.73792711095835,17.2453875808201,18.370641179561,30.1212492569124,30.5066588529073,1.67084594048214,0.82129991569844,0.779093602374358,3.7190871987823,0.251049300470813,4.88762878022576,0.461910302553665,74.1406321148732,0.0940798326289006,-0.486371062895233,0.271824335943677,2.24904658014148,0.69829989454372,5.86184229234278,0.742040447889141,0.989142010505258,0.99914364715062,0.999930233674026,2.31326590638416,18.4033984241352,-10.2913134704497,5.795623416105,5.46248593275052,0.725812209784153,0.761082601625284,0.0791543275056446,0.113407324770794,0.661635774086304,1.38443053363189,0.638147989521396,0.951965628613435,-0.577972425566299,0.562030604408336,114.926324392204,3.39214438839438,4.59637215179435,3.18668128877574,0.495626065234246,0.865344633736761,0.583318725689022,-0.358986922648247,0.194379220927089,0.695616810987139,0.474618307140078,10.927010472397,-0.00557081755631799,-0.020062042692635,0.00501882220186221,0.895558805904929,0.00831421875191134,10.4763040384701,0.519862847893613,709.037621355197,723.446749064005,0.543579145457111,1.02556883555553,0.437186166682676,14.5125896303492,5.46248593275052,11.1581038567896,5.795623416105,2.42585362225206,0.435372194400996,3.12999339080881,0.565336926750872,0.537178753636454,0.693449279613899,0.395943757938872,0.309716008984313,0.093248697407632,0.134096634207616,0.0926897388902662,0.20231714390273,3.06264114917921,17.7612121522532,1.7456149643765,-0.152832215091079,1.56215709732539,-0.184347151739365
"116",23392,"QUAL",90863,0.026689802811476,0.0370917903239292,0.222109640323262,1.89335347934721,0.0874222794985922,0.102898473239945,0.282881439967577,1.69277232666577,0.0646841989538642,15.8254882226849,6.11798859491997,1.91958382480764,20.9309877086989,18.9470224057437,30.9554462175519,30.1648545801862,1.59116882198015,0.835505831777218,0.784866566063555,4.11188758620119,0.154474802870127,3.27109009472176,0.336541242396967,74.402363494538,0.127022015586126,-0.603885545267126,0.221876707619315,3.1345563604039,0.696517800408732,5.90067478361936,0.86087395772216,0.99475857098066,0.999714570591119,0.999983993010613,3.1986421836033,19.0870972381409,-13.7465483753232,6.15249541316913,6.84718703903228,0.73376606091551,0.770925247370987,0.107753100567721,0.139788366556028,1.00101262470096,1.85473562346554,0.681669872270268,0.985080525279294,-0.604053865986634,0.689077151959193,112.691908078774,4.04181549575446,5.41824215630109,3.4109636875295,0.63796425356778,0.904609944311906,0.629134015744493,-0.480812993153607,0.0701204030795842,0.765787394045522,0.537495437692124,13.7335045670309,-0.00186961222693511,0.00215763486929363,0.000662927653711336,0.913840660935873,-0.00193490872898201,14.1894045937755,0.596959677216191,710.53840742905,723.830882882942,0.630062644201747,1.00775621693028,0.55016489058389,21.0494344784618,6.84718703903228,15.6235466429531,6.15249541316913,2.80546427902774,0.376859509359476,3.47363191349242,0.701327562503766,0.450159909592688,0.898750279061295,0.489974217011493,0.396029757453084,0.121079983488628,0.157539436425983,0.0421990426628867,0.084482864869259,4.20029337432656,23.0198456078856,1.80661946438984,-0.175273327182926,1.44671605094261,-0.213989251196259
"117",30619,"AEFL",101444,0.0169579200977927,0.0257063695277532,0.141886278366446,14919.036679307,0.0656071526840007,0.0736300095092595,0.221941081680669,1.80676301074898,0.0386123907421768,1.23511715354353,8.33930846929196,1.23602483407877,32.0270778874775,28.4241977725976,49.7454754937971,48.5719424814043,1.73450697412933,0.708410847341428,0.819698640265474,4.80464784177207,0.86495516952794,4.67001269732113,0.319573315174377,125.76694623082,0.125187892071898,-0.514690523128483,0.565672592574954,3.20752213161552,0.74481943995081,7.12442066787201,0.656494432730379,0.996686730729954,0.999855091760984,0.999993402524453,3.27634317492163,29.9159300704067,-16.965452003876,7.50784579910613,8.52744019980357,0.782561246869918,0.812085175060616,0.0730009492352862,0.100653132208601,1.02169798316168,1.87102443565953,0.733740824677558,0.983134327593532,-0.608951523077534,0.576771582709398,437.255850832262,5.13913797819275,6.62472783374876,4.33474711781593,0.480410507858363,0.92365623912672,0.690713465547505,-0.491981873653261,0.11888178328722,0.72282869458116,0.543478983862465,16.6483022056418,-0.000777125579546397,0.00543034476194226,0.000318301462634221,0.934600981404966,-0.00171818976974371,17.7641459204701,0.531322923804123,717.425800475875,725.432445617303,0.551142687364447,1.00878214233452,0.430085848089177,26.5669158530079,8.52744019980357,20.0488830480067,7.50784579910613,3.02098330225637,0.36294792023124,4.17157619021364,0.657022348404276,0.455383590321444,0.84464304811143,0.387371007594733,0.308104862191401,0.0744021086659943,0.102874909698872,-0.121444821902647,-0.217377825272631,2.52087380054096,17.5117262652967,1.98050262982012,-0.246884707210337,1.71539764018194,-0.308556187157516
"118",30619,"CACA38",60849,0.0248016280813454,0.0359328136338421,0.184083498477654,1.75743418823649,0.0809875214271606,0.0950036312466947,0.251549851463273,1.51926285045469,0.0596924330196121,1.14031176401616,6.98494769744029,1.86528189052391,19.3927659129519,16.9428360094492,29.7652600678111,28.7832793882678,1.61086120977317,0.770589285370546,0.81093132240463,4.46721574700859,0.693170018643572,3.95450954030977,0.386879331148439,82.5898064528693,0.145721359308196,-0.659948821623136,0.385147417348309,2.69915311342025,0.731881051142961,6.74447033411333,0.882504069476822,0.994107972065574,0.999660175023544,0.999979787161932,2.75838534790124,20.3088182669311,-14.2568499264091,6.49717178424599,7.34690570481357,0.754568790665936,0.796746468979237,0.078181529735406,0.101479169514077,1.11719369267063,1.99765260739991,0.711721916101062,0.981702758276885,-0.586000849810313,0.692127743445158,42.9011886474962,4.41869381736958,6.06919180566952,3.88903237302393,0.635634403717267,0.89900522908109,0.653074791288668,-0.434964246616243,0.0843132579326864,0.765514277627248,0.556864240158923,13.5997964280602,-0.0167077329011259,-0.102396059477301,0.0114795110600071,0.909308480874675,-0.00165520803676308,14.2458392191987,0.599443893948538,714.802850697677,725.076348156563,0.633241888778578,1.00951850733275,0.565699051801496,19.7100467154335,7.34690570481357,15.3811675277435,6.49717178424599,2.40941946312594,0.437629420588861,3.71719108942938,0.714398984606959,0.480603474093597,0.870007893886362,0.489017957801984,0.40142697894801,0.101040784552096,0.131434648250745,-0.0205166076550527,-0.0323043649317512,3.57726719771354,22.7124711159505,1.86869811076697,-0.203319160999234,1.51836070543865,-0.250454834628293
"119",30619,"CACA38",61068,0.031696310148477,0.0437349436866616,0.25272915542878,1.89437253451066,0.090424266702252,0.0957973565603766,0.283557462288689,1.62276091866683,0.0718615832015399,1.09223627196102,5.9726009630297,2.28003373852158,17.2024954711659,16.5292189805697,24.5500148283811,24.2235792821979,1.54771698409439,0.863420433893607,0.785587290364025,3.97789084172545,0.176604192228838,3.07831631896703,0.38818563750879,59.7643737822023,0.155203883430724,-0.729036522566279,0.185075900962973,3.69766107463194,0.719892679431649,6.37181249965483,1.00500980744695,0.993145254753421,0.99952089227457,0.999956256273215,3.84711151077264,15.3672838286368,-13.0987131734499,6.39810099002752,6.68607106455944,0.747022586626245,0.774241087385456,0.115744262067578,0.144400003870936,1.19224592893815,2.10855994323658,0.679306191295481,0.972652742251751,-0.593752473765315,0.756182885499986,68.3353484828563,3.97098950600127,5.3054156318862,3.43241132901953,0.748121550898608,0.893221291279151,0.626759118794767,-0.421587059296575,0.127739364278554,0.794727921118815,0.560619426562496,13.9860663767443,-0.00267131307897402,-0.0110730919289404,0.00105918229657716,0.912663651331917,0.00449834186025218,14.2228618380515,0.648055382041476,709.767792115733,724.010804157614,0.68513293228188,1.01430093378318,0.660862292750757,29.9067762592931,6.68607106455944,14.4597617865994,6.39810099002752,2.65019728129035,0.405366165379425,3.42276413781761,0.64248195205506,0.462716309949126,1.30801177825942,0.576587769988412,0.47186301832487,0.131526661323135,0.164768454281535,0.0410582168636483,0.0798281231570837,4.46283325510273,27.2165835675581,1.78191863166435,-0.178479312530798,1.42520038014831,-0.2157237289508
"120",30619,"CALA21",101497,0.0237757135319562,0.0336904810883844,0.182430213916989,2.39340697233162,0.0833364980359393,0.0862054801028797,0.272054559163415,1.7113738023429,0.0506629926099228,1.10625376446215,6.53468550834327,1.64283251951151,24.9488491570356,23.5514778583939,37.6506438667609,37.1223231979102,1.53958700375513,0.848086620846984,0.787538102026123,4.04809349916434,0.306843792770862,3.89649681185359,0.363013020014787,81.537246421648,0.117843331481922,-0.550928517879748,0.231102779618677,2.76706860999452,0.719630417187999,6.34196538075145,0.759631407356372,0.994485946370563,0.999692959118654,0.999982326370034,2.80969917332137,21.6727366574775,-13.7383672247214,6.69519813031806,7.16245386883942,0.756065803695201,0.775267593047281,0.0872018930284724,0.117290649599036,0.947061766851168,1.76672732614225,0.689627921015205,0.975634705293563,-0.608166116599449,0.630457766642072,92.8563076652145,4.19677429284748,5.52711942040795,3.50795140731246,0.550613927668694,0.901971635198912,0.640920097808603,-0.434775415208564,0.121372235006411,0.740513426255645,0.532462959564206,14.9461264947903,0.00558670422646886,0.0440243696519762,-0.00408513400650581,0.917182062669411,0.0019975135285213,15.3805164273481,0.560171560922332,712.49173178693,723.399102660109,0.58800647305423,1.01268331334835,0.487007667203471,20.1369586253308,7.16245386883942,15.528683848839,6.69519813031806,2.78080753108547,0.387835556427976,3.53581188107858,0.641868701841767,0.451792195034711,0.812812842173765,0.435226771983262,0.348912837756714,0.0948923579524409,0.127848409354606,-0.00407637063829766,-0.00142964576134194,3.18907324277288,20.3523232241165,1.80575619959282,-0.1716597343264,1.49244321020383,-0.209133009945299
"121",30619,"CAOV2",91306,0.0208548825065164,0.0278455511572358,0.187476588807602,2.75129887559416,0.110201231537437,0.117575565558617,0.306393257572709,1.64867542270823,0.0535204428892685,1.14477697169692,5.00676405884311,1.66284784486485,18.7499095323793,18.2778661310425,31.3469240940564,31.1895590884219,1.53589594682488,0.93018839891928,0.767815051323775,3.61312973503766,0.221608300607361,4.27119953607506,0.402453482906833,67.5496181702554,0.0945541552604419,-0.480684314138531,0.291681519143411,2.58962427101683,0.696416852092741,5.75062635654142,0.714175667738919,0.990967781284439,0.999344226064141,0.999950325896688,2.63142029017255,19.4170055566383,-10.745542295502,5.61913622674084,5.75785731523777,0.71703626943684,0.753780617004652,0.0819739432984306,0.117589587050636,0.695273088531991,1.42995549566202,0.648770587792316,0.960388683696064,-0.585636713692769,0.5537773862934,68.0503884931563,3.54348658066728,4.74742043287809,3.11555862683772,0.487116128270349,0.876781311835816,0.596625029565765,-0.40287540487679,0.19118365147276,0.695192762994014,0.483803406109714,11.186321901269,-0.00324542701813451,-0.0117945726468836,0.00263808732911059,0.895553515012288,0.00140746367753287,10.868764074418,0.515608313725446,709.044423868506,722.987674745672,0.537441910856176,1.02093728073979,0.422848327622101,15.9073136995846,5.75785731523777,11.8856661013297,5.61913622674084,2.54763872942368,0.410301005872351,3.15784956585373,0.557392153398184,0.507184635924188,0.702506828269006,0.391059003151341,0.305269794189637,0.0956553267716821,0.137545429664115,0.0814740094469912,0.173128703321391,3.20159627138023,17.8994497773881,1.74011090379263,-0.161257797347952,1.40088856652516,-0.1922589419462
"122",30619,"CASHAG",101465,0.0287636289273962,0.0349204268864588,0.212790771079318,2.21384435297638,0.0851146590946494,0.0926154741496828,0.296251635813443,1.65888095258665,0.0546337607751398,1.15534267441522,6.0562044222766,1.86773123191183,20.0275964223725,20.1271289991105,31.436689909636,31.4858478071914,1.34818277090077,1.02254192629711,0.76030630989292,3.67048373369013,0.295562326033358,3.5452895303419,0.384873888951059,70.2326903135658,0.112782332250392,-0.5807412258831,0.189574265162937,2.69634985899914,0.735531461853719,6.80084688784346,0.823508290212785,0.994225659073134,0.999671713761468,0.999980738617978,2.77124888390522,18.9539174349464,-13.4465621296886,6.74617811473249,6.69979000658926,0.756208085753442,0.750123294830323,0.101704173277872,0.134617993295192,0.909230216640705,1.7250073507507,0.667275826338105,0.983210567122776,-0.581891167857501,0.659488499337861,-87.3285882685196,3.81646767122763,5.10117245850644,3.06610050296721,0.588932508216628,0.899708242248874,0.615381803545428,-0.435573859142462,0.0889756321859067,0.751742946408828,0.5236276015629,13.8571947749217,-0.0276265593098348,-0.1525889556709,0.0168116644656674,0.907451460771337,-0.00294895579397374,14.0338990813313,0.578061550315092,709.053363983051,723.131381921906,0.609046158846499,1.00874430953297,0.524295378469902,19.623725642488,6.69979000658926,15.6731912176534,6.74617811473249,2.82254371776041,0.381887475810734,3.25201520752884,0.715034822293192,0.48971352197949,0.862775823300565,0.474646104526824,0.375585892916194,0.104314473454134,0.138272609106305,0.0439533999717496,0.09019232852144,3.2610058416929,21.9264289772333,1.73076208667831,-0.161024831116801,1.30286804097942,-0.192591926440639
"123",30619,"CELA",101487,0.0186347015633384,0.027007614881118,0.15635829223167,103921.398444861,0.0884804280312146,0.0902048373358464,0.266800033469356,1.71553757972029,0.0441238161513544,1.10041506934473,6.28994556675516,1.39206616130814,26.9938599983528,25.5435941952507,42.5183948520141,42.0404842640813,1.69009027470391,0.828385286058142,0.790765999182912,4.06406999892885,0.271125622435709,4.6503133671963,0.367760863953187,92.8916932701025,0.108735161871161,-0.474557752800137,0.276241178130837,2.85979731831354,0.71437762148292,6.25413947748423,0.661465862061996,0.994156818135458,0.999653537638922,0.999978410161662,2.89249223912164,24.4024483455213,-12.9995879878443,6.53675887931637,6.95407198013578,0.750334696489835,0.783058188515181,0.0728783643905319,0.103500701706283,0.824318076716137,1.60254497447701,0.694918888584727,0.975292815396773,-0.607912838366501,0.548445657124158,79.338658455374,4.25560341168709,5.62651916711364,3.68860520444565,0.46660347567678,0.900479439289488,0.645002248018971,-0.423441158435604,0.121016286473214,0.700623404749621,0.511654093912529,14.2370997330288,0.0133907557449879,0.0922110518458991,-0.0105114738528524,0.914828246477408,0.000332764224044335,14.1503051064144,0.514191584003369,713.039403548339,723.938787485061,0.532884543570144,1.01301013319569,0.412063944824958,20.3178405173588,6.95407198013578,14.8582537076752,6.53675887931637,2.71314325712673,0.39003004953161,3.60688859440849,0.606900931882165,0.46691141823847,0.832882467803277,0.38563163277457,0.297748998614142,0.0807655368732754,0.115156940343395,-0.00739382905683017,-0.00908292096387122,2.72916078639624,17.285332005354,1.86607432900161,-0.195936065787186,1.51602524978642,-0.240138555942568
"124",30619,"FRAM2",70737,0.021383675178632,0.0339464247217488,0.149839437600603,1.52661731168349,0.0665828401502502,0.0750080243596344,0.216489984677808,1.52311471543198,0.0486488065465716,1.10711700455397,8.53871933252355,1.58071770648974,23.241581846,19.983509932556,35.9537777658763,34.6273861911912,1.84450200495962,0.679291031785981,0.837300564124612,5.15253794146966,0.790329209653038,4.64712045241356,0.379900454697269,112.691990561197,0.164371283245498,-0.65803471970289,0.23901260112682,2.71737515201827,0.770462554565643,8.01184808879632,0.839176186587091,0.995939437316294,0.999806571720763,0.999990493547223,2.77640832880586,24.8289586243807,-17.1460993727782,7.60139804692066,8.73869535399687,0.789911675684686,0.827132079946256,0.0648978831059693,0.0834212978334409,1.31874789300766,2.2455199091953,0.754485983044349,0.990942062454995,-0.593487853886536,0.698075502964254,-108.663088493233,5.2691788330311,7.27875217681061,4.72927895372722,0.61598088988519,0.915281077934039,0.696575351859944,-0.432860241752461,0.0320560943693857,0.773117568902301,0.584655909502248,15.8127207222256,0.00275191649515532,0.0322117975844934,-0.00237688155822792,0.919022034392752,-0.00360031458691877,17.8721705118151,0.600257337945446,718.480072940784,726.503677785575,0.633432561177549,1.0047126624071,0.559369312207467,23.5051235520421,8.73869535399687,18.5513994676678,7.60139804692066,2.44477548430183,0.437019416052696,4.28739096292318,0.789340723185137,0.483672901001401,0.964559218460717,0.472606499064865,0.396895714127957,0.0831776836337419,0.107084001668216,-0.167327573950807,-0.281941647448043,2.8895993464024,21.9250945536676,2.00842332122011,-0.257072289329307,1.65592644315201,-0.323430074593495
"125",30619,"FRAMCO",80917,0.0215455810787029,0.0330785794725518,0.180798045594991,17007.9259177226,0.075735458961024,0.080478326982115,0.23827639619495,1.77777776865604,0.0475291339591892,1.40875443217893,7.65414576782808,1.60191967395559,26.6919565059197,25.9833669150712,40.5784723698269,40.3640364609463,1.80493422329895,0.711033562302476,0.816258561251575,4.8326591508429,0.709290182049353,4.3116215089516,0.367402592530611,116.622749826497,0.144279068850368,-0.611658780107385,0.335850146152329,2.90731623213639,0.752459574508644,7.49966758065602,0.78966556380529,0.99586124943393,0.999790346584705,0.999988790840898,2.96362084235663,23.7141680698766,-15.9757122626358,7.80240746908751,7.9769167151569,0.785953278205985,0.802943845266649,0.0875175057119801,0.113942803074912,1.13703996797196,2.01701450112224,0.710363621284309,0.972898877433364,-0.601361894997196,0.677557620065577,-10.5379455081244,4.82112013108153,6.14720615973614,4.15945671372404,0.590541832626625,0.916380005323585,0.670130764465321,-0.442785932712128,0.195344779671359,0.764068943616835,0.55849724350795,16.8815080070069,-0.00419182494701917,0.000274337160718449,0.00217837704902823,0.933170372503403,0.00199485003654979,17.4960062360686,0.587180421942208,717.064688466662,725.355027295806,0.618579245255243,1.01415781100252,0.533867271945169,25.6344607469288,7.9769167151569,18.1380743506006,7.80240746908751,2.87474101196755,0.375912392466422,3.99876058689231,0.560208593130276,0.469676179437438,0.727147794379602,0.46837425310311,0.376522195733346,0.0901026806841733,0.117797509369003,-0.100401485064053,-0.165603257549701,3.02213449595746,21.1293369516334,1.96447996001148,-0.228818532881608,1.56666114001367,-0.287938869225501
"126",30619,"FRAMCO",81001,0.0180821492078702,0.026388799538077,0.152573975341879,348869490.426411,0.0840342654005092,0.0937246279554223,0.253937570697959,1.6405319664374,0.0439903670005417,1.1533690672227,6.65270108216221,1.40968074131785,24.1281530639143,22.7530605710573,39.8536028681694,39.408353427384,1.64924079722894,0.794526422064067,0.803377443074013,4.31575561691407,0.738128791073957,4.88309313161571,0.37974817721288,100.078910597237,0.112134859070325,-0.502418579725699,0.31423637888447,2.77539203634768,0.724117938003922,6.52211255445331,0.677664769091412,0.994149196395079,0.999652539836468,0.999978245964075,2.84374814992766,24.7044225684983,-13.7379193937447,6.65374774101471,7.04189783551286,0.756673788669392,0.790822911491333,0.0689530614268145,0.0974239807576968,0.850353975608765,1.63855197415608,0.69832532195293,0.970616353984446,-0.59116682937779,0.559716888353789,64.8982443435072,4.36260996007874,5.73725492034837,3.83958780583844,0.47625662853885,0.900482269021317,0.649994054987286,-0.428660464250361,0.167094407520847,0.705949961568561,0.515426159587649,13.5442767947904,-0.010427906356865,-0.058576020344298,0.00783568501682622,0.916234447705343,-0.000787244394495521,13.7260515035171,0.520447231929965,715.059530283381,724.730880532727,0.540655517711009,1.0154236733561,0.4237233962131,20.4765745211711,7.04189783551286,15.4303109056139,6.65374774101471,2.62505101766094,0.401382167321249,3.68157305266635,0.597976534905766,0.498546303383129,0.758025715705631,0.390742491058818,0.304238463635536,0.0787744799320604,0.111628319202701,-0.0203694532075855,-0.0319665641813336,2.66683238088327,17.2976013383429,1.87523097914875,-0.207859593305139,1.57493534776257,-0.255573769307689
"127",30619,"FRAMCO",81029,0.0198355602205383,0.0282766617918477,0.175273007912412,2.56814700041648,0.101464740183345,0.111967650173177,0.271824078364706,1.54942661796577,0.0547513916422924,1.13142751702695,5.77809255986631,1.69469601213058,16.8151759009878,15.7124120649466,29.0670523349216,28.688400565164,1.64990484878066,0.797452076646509,0.793415700324819,3.98150546641829,0.721601548856633,4.6435725192953,0.423432762066114,75.9899309980902,0.115890035107066,-0.54953125720816,0.316365545040937,2.4697799291371,0.723141959558297,6.47829235970414,0.765990522680771,0.990564598904682,0.99927913591372,0.999941837616142,2.51168816701109,20.0684448128182,-11.5173498852522,5.90931545923477,6.24091055566051,0.728186018835272,0.783014679701705,0.0707824235356105,0.0996180240303362,0.824288792543925,1.60699415546147,0.680462743146373,0.964335967943878,-0.570424216698122,0.583069209811389,27.239620138476,3.91850961780506,5.36212010533071,3.64430348084771,0.516083595492186,0.875684285204524,0.621299295341803,-0.38994415331854,0.181735791851287,0.708374234519305,0.508979947971963,11.1574756567694,-0.00630579619067814,-0.0289604559891864,0.00525062922252984,0.893037527219151,-0.00110846330790429,11.3915175445588,0.532309626104126,713.183968094545,724.394909312722,0.55772733507602,1.01880859419197,0.45403066227531,16.2266870527662,6.24091055566051,12.5479667480094,5.90931545923477,2.34489787168495,0.445098243479559,3.44450231875736,0.602288565901101,0.538036103576739,0.714563081600219,0.409067527465018,0.327566662291889,0.0911400267008054,0.128740579067269,0.0429146222628756,0.0935379536724608,3.11793423358482,18.7816749193914,1.82494205767763,-0.196272144126933,1.52004254191009,-0.23813948114524
"128",30619,"FRAMCO",91206,0.0195753745218611,0.0292846646664521,0.168115545511606,1583.40503663502,0.0863654687188057,0.0942606041100432,0.250358929987558,1.65015835294779,0.048693255107195,1.16076176630674,6.63597015947246,1.56545691894923,20.6804402495758,19.6084554039566,34.1918989597224,33.8217369198156,1.7401589925843,0.732757095735038,0.80596962541946,4.34668200603176,0.73175458549879,4.56250240191976,0.387675258544659,92.6263253468311,0.127827095438116,-0.562218034273952,0.337758447579525,2.69198087126396,0.743431360963787,7.07283287196004,0.748687166771511,0.994094503335195,0.999650842828287,0.99997836017975,2.74224998062566,22.3170958895504,-13.3584538672127,6.7202155995125,7.03878129858586,0.758980371373165,0.796230725528788,0.0746805263117378,0.101971827898703,0.944376372096938,1.76406039068465,0.699880072005959,0.971206539708177,-0.583841760573741,0.611945193091991,-2385.79202756254,4.36611308198085,5.76885758700502,3.92582313391285,0.530760128915129,0.899670822565983,0.650312765378195,-0.420971898778315,0.176633574649147,0.729834598452088,0.532330947501121,13.2795589303115,-0.0055706749047852,-0.0251629083196756,0.00400542250340673,0.913662701559375,-0.00145297712281683,13.6721127582172,0.549515886227906,715.681522054985,724.938554830951,0.576125038370509,1.01506726026161,0.473200708653606,20.0911107871048,7.03878129858586,15.0735477999421,6.7202155995125,2.5822571935141,0.405717033264791,3.73471385114255,0.589745517799151,0.513047243899136,0.729633980703716,0.422238745516087,0.339195256459274,0.0868095500517537,0.118899030959939,-0.0220473335377314,-0.0345934375898963,2.91637217073721,19.2444047208494,1.90771218981545,-0.216664992197163,1.53841322093422,-0.267350680811104
"129",30619,"FRAXI",60871,0.0380035408567416,0.0462575256614215,0.249752825664691,1.92095144411334,0.0736064980347222,0.084790831580386,0.276908872715523,1.57866587516034,0.0709152155497472,1.12488068422467,6.98479662145162,2.36420617808449,17.9262500681734,16.5969414155886,25.2706837561422,24.6301771884447,1.24849868222801,1.00155739503173,0.772368891021987,3.88263667655483,0.542017036776089,2.68301543895922,0.358459341776341,60.008196966551,0.150229575369505,-0.789489281202145,0.161729254597129,2.90260588840835,0.732208669331294,6.64794970753791,1.02094322877606,0.995337647131762,0.999764846288498,0.99998789944827,2.98664634409621,16.3577889682161,-15.1679358525843,6.80621878295028,7.37269413202855,0.76147767860831,0.761512076610401,0.118106921594078,0.144262903618531,1.27922884561723,2.22477547310297,0.681804609540404,0.981131315665592,-0.590437758133941,0.787307773534694,73.5402919858438,4.09739649300982,5.35909796411029,3.18776504660119,0.785605951557909,0.909187221601247,0.634791661675549,-0.464988902415592,0.110363174771764,0.813165401465834,0.57280589623558,14.9653405572959,-0.0229698892585093,-0.146805091000871,0.012098422937158,0.919663661198945,-0.00118003179984192,15.4823235971293,0.669737888347494,709.924699878173,723.728308057905,0.707729324735832,1.00973888425217,0.697977416051263,21.8308351486774,7.37269413202855,17.0860094821646,6.80621878295028,2.73442936632661,0.388446392139594,3.37545536110582,0.690711569043855,0.456305912169963,0.819666936062939,0.59211060855713,0.496368047619491,0.132550023724994,0.162187586426622,0.0178920725850117,0.0347797596778465,4.48416985817201,28.704813993278,1.72345610480211,-0.163978387559895,1.35669106245999,-0.196220302552573
"130",30619,"LIST2",70818,0.0236992033734379,0.0303194101032765,0.21930588265339,3395.64471434506,0.101903189412141,0.11222881679976,0.299822688929324,1.76882751465444,0.0594248452572345,1.1425407718791,5.45534556554804,1.7889038495114,20.3945050797459,19.3211037927244,31.4921714302703,31.1042816902309,1.52532278942014,0.954231427047727,0.772935034975598,3.81878769659319,0.304393026960021,3.46455524532737,0.350297215008707,68.8183643998908,0.102973356287569,-0.537383482735861,0.250644507834268,2.93867090013992,0.685227040667519,5.57664551451672,0.781289832127752,0.992986129316614,0.999527371753816,0.99996564971658,2.99413536905099,18.7878728697718,-12.1232469256149,5.78047237635655,6.11829840595902,0.723056846082603,0.755701665549445,0.105900055533329,0.144103826346324,0.795672138480682,1.57270256650159,0.647194042285875,0.967301181737725,-0.597965776281025,0.624741736108867,23.2679395141664,3.64243644521471,4.78000275667956,3.11704219054693,0.561884328029774,0.892616587999257,0.60064334581415,-0.455827415641664,0.167600737082391,0.733245713396704,0.500424606267533,12.4591661221159,-0.00229104382275896,-0.00556524370889551,0.00151219011619881,0.910127129583329,0.000563989246223415,12.6752638582534,0.557049271003481,707.441109248093,723.614691726062,0.585235244142138,1.0171507620854,0.483226235861069,19.0125090505503,6.11829840595902,13.8946181975747,5.78047237635655,2.85958208139774,0.369446624759933,3.22537586243392,0.570737208711038,0.474050819143523,0.7403859972729,0.430524516497191,0.349493489365516,0.112798243254114,0.154094312922093,0.0759035117218722,0.164154327928624,3.81866886960682,20.2152091220002,1.73859092036391,-0.171992043751119,1.38806060819403,-0.204975691409087
"131",30619,"QUAL",50724,0.0260585478631184,0.0390258275786809,0.203648566864009,1.52175284909698,0.101204709660972,0.106924664213572,0.273909958017946,1.42988696665079,0.0668552998178743,1.07267120705327,5.80572456851369,2.16560894316249,12.5962227433533,12.0357328969303,21.062200115361,20.805379092828,1.69891599614003,0.763148546290001,0.811827885478585,4.23901078077077,0.213304279611486,4.27536386672519,0.479471977444797,68.7873867795087,0.155490476782926,-0.688126306896674,0.198374851906505,2.13671192125994,0.755328237240175,7.47723643437585,1.01372224436775,0.990138045176635,0.999229984943385,0.999930464348634,2.1705500540582,16.3181980275063,-11.9741342055251,6.28319446237461,6.50592033825088,0.748230329146169,0.797759281120073,0.0746303504454111,0.0970478532557329,1.10603529763299,1.98995019025619,0.706019596058564,0.97764869667723,-0.556919192005529,0.706815200714168,36.5423660674517,4.0428385563951,5.90366511445857,3.91119938779216,0.678150159041367,0.871667019235131,0.630980125125003,-0.33813296854006,0.0817788252303291,0.764769766956435,0.552509798937339,11.3523752153643,0.00230347719285005,0.0183440604965527,-0.00231501433642416,0.884075207050298,0.000178191509190963,12.2360235334943,0.61368309691508,711.78880975115,725.06130984302,0.64961873565622,1.01166783469661,0.610179382054998,15.1461153154228,6.50592033825088,12.1380466968251,6.28319446237461,2.13385822123995,0.496269256406083,3.53713352740323,0.74280752556708,0.557725433948294,0.859707019945441,0.52257205156166,0.430753864941642,0.104599828700076,0.136387080455799,0.0323473184974607,0.0646983736455706,3.48266448736798,24.1959828713264,1.82817579699969,-0.195089244546779,1.53314921392528,-0.2377348188372
"132",30619,"QUAL",60889,0.0223315664447279,0.037941937580465,0.145950166057818,1.46487948690865,0.0672924317281293,0.0723900596591966,0.209600889750799,1.45142433349752,0.0497693681322445,1.10845274389146,8.89900851633251,1.69724293766786,20.4663000205625,17.6252559590999,32.1847785632934,30.918195205194,1.94224831622284,0.638796578691519,0.850099743973395,5.46290769545526,0.642848001229313,5.01834727458222,0.424184320745773,119.147256657205,0.187006701116229,-0.71537288596759,0.854504376751112,2.83941471249793,0.790259489093901,8.86198329719772,0.911205735981722,0.995578107038537,0.999779242762657,0.999988553790913,2.92346373926385,24.1049066819307,-17.3300029193543,8.09926023154935,9.1722367621404,0.803474668861024,0.839481397826276,0.0574237689440347,0.0721676615094134,1.52789854716516,2.50291845037525,0.770631822305768,0.988526403933827,-0.58241641145545,0.73803261023132,49.1873116820627,5.57584514860772,7.889694301366,5.15401153950776,0.669669378335499,0.911829443752863,0.709314861196023,-0.388761866416347,0.0486368051404337,0.789977167004802,0.607460462833014,15.9472748273282,0.00889732786465686,0.0902711444192843,-0.00724760229756048,0.918647630930509,-0.0014458807352903,18.4272849648229,0.627803756502103,721.490411792398,726.910568712624,0.663896294291397,1.00594323286369,0.618118025636766,29.9687882889581,9.1722367621404,17.8647353847911,8.09926023154935,2.22776076369175,0.480183758929858,4.48561310568279,0.782436659369162,0.511241634440205,1.01635183193201,0.52198740950678,0.433453429746099,0.0790667045809226,0.0995049919167899,-0.242549802476389,-0.394928135552285,2.78595110913948,23.6658959565471,2.0452115360092,-0.265912240885784,1.73973539878417,-0.338140384265088
"133",30619,"QUAL",60961,0.0219568020379102,0.0364032417680934,0.154614526959946,1.3873472076949,0.083744101233751,0.088230498530817,0.232859890897097,1.41404987667602,0.0539926884974697,1.08338356121194,7.31678361261365,1.79386604385539,15.289647953714,13.5091367776303,26.1784586074551,25.4104622140193,1.96940682579176,0.653783814780914,0.84131036055485,4.96075569787053,0.36164353444573,5.17436077780374,0.469737406960446,97.5212840800749,0.171862366174833,-0.671154946453798,0.236392423108659,2.1598801619308,0.787469743167009,8.72645183129904,0.921993457318225,0.992973970685879,0.99955858374589,0.99997121895742,2.19162738779601,21.1105692541801,-14.1895580190527,7.2052878770948,7.86141909327529,0.779739876159004,0.829707095233682,0.0553232756139806,0.0717841535922779,1.28460984607274,2.20193726640162,0.754299505179665,0.985963558940834,-0.563617591569622,0.699790087239043,-30.3797018002335,4.90540812074636,7.26104631075045,4.77983189404462,0.636912713307341,0.889851989759256,0.680051036504905,-0.347219176166136,0.0490945893358285,0.767049244995108,0.580938481206725,12.9308661839796,0.0118370471653122,0.0941554566966973,-0.00996773140653892,0.897406892491869,-0.00177602624481631,14.8060417514827,0.604599833810175,718.345353602782,726.315547347475,0.6395371129167,1.00728739885069,0.583137234140489,17.7297329802476,7.86141909327529,14.3921066078809,7.2052878770948,2.07382455813427,0.512457148823104,4.10580249803365,0.79656542496354,0.560621040913227,0.922301140721359,0.497300154886971,0.410149998850043,0.081188608746116,0.105523614539233,-0.112852586679783,-0.190004073515397,2.78760883733774,22.6215345883281,1.98247070241654,-0.24106139501674,1.65444368877837,-0.302845747969276
"134",30619,"QUAL",91431,0.0225073441202567,0.0305653975160788,0.166085058077792,1.52101042941535,0.0943952314154638,0.099355660850592,0.290821853477392,1.53142899316017,0.0514068224171891,1.08287568780279,5.80684778360173,1.62324047849489,20.0320559615344,18.4970960755586,32.9238516608823,32.3861851272409,1.54591203941146,0.906706553359823,0.780864569126847,3.80184945796728,0.113848119868628,4.5147068609388,0.41438207635699,74.7811243702665,0.105867034848078,-0.499173910286893,0.18111151296361,2.46263617138094,0.713699579176468,6.20166908300986,0.739616413605406,0.991664504916,0.999429392142315,0.99995942093403,2.49813957141248,21.3586982437199,-12.3321113723044,6.11496167145986,6.58869911469542,0.734747096941395,0.770803373411019,0.0703491619707355,0.0989411539856366,0.809408862920355,1.58467941421932,0.690098851673653,0.983865006965716,-0.587777414190418,0.575769818214509,36.5810919957333,3.90029143041539,5.52565323207434,3.4187826707452,0.503448049485154,0.880525126183783,0.62267123508162,-0.389498403680596,0.044738345459605,0.708862529058019,0.508532307034575,12.2974508322738,0.00718512917155445,0.047132531323591,-0.00601513100873568,0.88943091349182,-0.000836756503591653,13.0360736422233,0.528773350796836,710.077785859496,723.343300489035,0.552430740696889,1.00850975951178,0.442649826862359,16.2330788800849,6.58869911469542,13.1555904330157,6.11496167145986,2.42250821566641,0.446351737577767,3.35760180747538,0.760494773564429,0.500489245317185,0.937479309710917,0.410866743656316,0.319386169538013,0.0879235038588859,0.123876863394486,0.0404261925411157,0.0836038521883907,2.93504189855465,18.6849825896543,1.76985911452827,-0.162039896444229,1.44461147232714,-0.195316895698685
"135",30619,"QUAL",91493,0.00998759685616171,0.0226799271339279,0.11769116317702,1.36314621383443,0.0726408500037797,0.0801720284927416,0.224224753092596,1.15145687028724,0.0329081954010685,0.431416784856877,6.11399795140279,1.09621721774368,20.4152185513387,23.7945018512958,42.298584913095,43.2443040535449,1.88051527556717,0.460133862899688,0.835919379291685,5.06732861684294,0.314216994643665,6.62840593632682,0.391479835667229,143.680351111787,0.113965161016416,-0.435470915064343,-0.137959176484626,2.76337929325243,0.695980138148853,5.57851756073501,0.660491405183828,0.99687202239607,0.999876013849722,0.999995092551674,3.04269243166328,27.0082839249394,-16.6753083173726,7.70910755471294,6.8518076522755,0.802825440903951,0.82070738114612,0.0436398089052761,0.0631930206421832,0.904640302934846,1.72478563508025,0.774368309896246,1.02634476945238,-0.542115274586874,0.530928581787063,-76.9163978874621,5.13670175072181,7.86400309761597,5.42794226193322,0.434766801836972,0.923857083422404,0.693631639936502,-0.315379551201014,-0.167523664285224,0.690579568151633,0.524494339780814,12.8883018745628,0.00319941205322189,0.019561198739092,-0.00284615462015473,0.903894733274249,-0.0183340988288741,16.077323654348,0.504497088880868,721.503668739119,726.15270972469,0.521596881988599,0.987165731128326,0.410380360889114,25.2663960075896,6.8518076522755,23.2801204042848,7.70910755471294,2.22819411153278,0.347944883982898,4.29544213049805,1.27787966990037,0.598147655893142,1.40247069399609,0.338104126458114,0.270811787201451,0.0557216044159971,0.0806881740870765,-0.108906582677748,-0.207641101948326,1.51235662310796,14.8762069553686,1.90527954469537,-0.35717878914714,2.55339839027613,-0.444749413973006
"136",30619,"QUAL",101556,0.0193305342137212,0.0291169252023637,0.146265434435326,1.44955405582625,0.0858884667725442,0.0894333811889088,0.256714698513163,1.53941244168001,0.0467398723145873,1.07019005793665,6.60945351439195,1.4713018044633,21.3795214501413,19.054971605261,35.5243515904407,34.7154099058268,1.74679879761707,0.774295546572574,0.812767029630756,4.35580632409841,0.218702856936318,5.06990617917699,0.409096678169702,94.2235733791984,0.123817808095291,-0.513636725105618,0.228725524397463,2.44624206445761,0.736382765471973,6.81337536179012,0.727538618065151,0.993088490573086,0.999574966373149,0.999973231951599,2.48672327526368,23.9966247037192,-13.4938984000986,6.58426934748944,7.29053250072444,0.755461585365911,0.802104936180911,0.0613719954522087,0.0855148456221289,0.934708507588651,1.7506213113033,0.726092173009619,0.985801238892425,-0.589894172410402,0.58332206787653,40.6424400774608,4.4767637015864,6.38167880248032,4.0542741021816,0.50183641021096,0.890277540538083,0.658421066187555,-0.392077274544492,0.0406010053858486,0.715988321554759,0.531731250674298,13.081188644751,0.0154610189178181,0.105239608154478,-0.0125482876184284,0.897458151254065,-0.00185719386819756,14.4150634185433,0.53343198534476,713.503428609974,724.674730536564,0.557039896836625,1.00742559397059,0.446708097632786,17.6669695642769,7.29053250072444,14.3402701252242,6.58426934748944,2.38745054485974,0.452809318468134,3.76136388464378,0.772759195475695,0.50613577421554,0.945196526176459,0.401815652726281,0.320329496777609,0.0787252027940141,0.109835980302976,-0.0323522575077033,-0.0568396072973858,2.65747194042019,18.3831564539749,1.89138155433085,-0.208531114594313,1.56739305701802,-0.256177998965946
"137",30619,"TIAM",70799,0.0309090715201369,0.0413742554707528,0.243860670292632,1.88491960923893,0.0925795250361495,0.101225010493564,0.292587805617351,1.58102205471746,0.0701392384585753,1.12032132583439,5.694372241689,2.23021518160057,17.4814600511286,16.827363007958,25.0447540780455,24.7398748835233,1.40792041235752,0.879858604833955,0.77811387400386,3.80202989064524,0.268013807910573,3.04245724637989,0.390355519554928,55.3386655369149,0.137948868672646,-0.688225894925068,0.185364590015801,2.59720870914103,0.708798369517228,6.0419420657087,0.966995648141016,0.992890215317089,0.999554522740766,0.999971360962532,2.64604057707174,15.1616521833977,-12.5305475195988,6.11206880764196,6.37934417409089,0.739540264055452,0.762636232314203,0.109027818853448,0.139112031263176,1.06445252181419,1.9426761681087,0.667689607209166,0.971019720248852,-0.594901308465605,0.73428547416367,-905.399496411371,3.77912372948599,5.06355118685845,3.20902426520289,0.704119325797832,0.888989628423996,0.614619953742033,-0.424384799432546,0.118004875673198,0.782076291888843,0.545749776023691,13.4892269546086,-0.0151593565516877,-0.082341471627815,0.00930326658789259,0.908871943171702,0.00514495088697397,13.0454377164044,0.627659105030792,710.033942811614,723.421169178552,0.665279533747641,1.01505013837711,0.620855533798443,17.5149267802791,6.37934417409089,13.8519831006287,6.11206880764196,2.59022010084086,0.407214825247392,3.27686367574055,0.645899740170909,0.456602652018096,0.800405682198021,0.534915965299051,0.440942526761256,0.127013811606239,0.16232403084228,0.0716114853326865,0.136265252877913,4.31544556352554,25.6157272588187,1.74138147079578,-0.164783873597464,1.38729652727162,-0.197713171530619
"138",30619,"TIAM",111310,0.0181825049980063,0.0274519414946205,0.159723954426841,2.12129260902841,0.127208209470017,0.128958212720873,0.302001048111424,1.40771869577469,0.0516071508879783,1.08083281370876,4.77520391947553,1.66944965921653,14.4089415096264,14.8850783755958,27.8455403837223,27.9902006730672,1.55036829537798,0.775100856633821,0.78595864261163,3.5838479164346,0.467060676482058,6.00418673780187,0.537603009709006,70.8657362449044,0.100885439181239,-0.476702608589151,0.299287638579957,1.90501255093227,0.716651698899296,6.31752253069498,0.718604550308651,0.981516336770019,0.997945064556365,0.999754595223024,1.98432245517269,19.2550900057113,-9.34335244182397,5.56800652001848,5.44258708362651,0.712016140428787,0.777234369565944,0.052639033410921,0.079969098098906,0.646266729722291,1.35960985602998,0.66052111641485,0.935890070528767,-0.556187117059694,0.502537954974144,49.9225896783544,3.47791362605927,4.95694232372167,3.52513645012908,0.438796027668284,0.831191628918166,0.590726450444312,-0.29793626172994,0.199912118402047,0.654506181246992,0.472079335897737,9.65765211342684,-0.00530666407289183,-0.0132157426311243,0.005193748827676,0.86421639822239,0.0101920663135175,9.38555683377512,0.482304074848664,715.797369718206,723.775787580004,0.501084390035519,1.03491828733238,0.394150623882824,11.5627681053093,5.44258708362651,9.60236127616747,5.56800652001848,2.00274480362485,0.51955681741496,3.15819901127974,0.57591808607882,0.585413203049833,0.675289950738979,0.370673311576394,0.283134921313845,0.0757056678426394,0.11563149866002,0.0824714532033204,0.181827395350077,2.48310439510782,16.2591039585863,1.79930400314063,-0.178115959875621,1.32967669432431,-0.215696180030166
"139",32619,"CACA38",20574,0.0351081654392496,0.0511277889017836,0.260422949766162,2.14270987374841,0.0826350222960156,0.0860691584498091,0.269062088688417,1.62875137627385,0.0709530796901237,1.08418024108926,6.5747713811999,2.47679609376787,16.3622011305285,16.3724569961471,22.3704679821417,22.3726609928455,1.54290589185673,0.807358997445267,0.799049036406572,4.23989225855311,0.15835029749504,2.91422691761298,0.404721101581271,61.6414393240776,0.188168693306082,-0.840742048347081,0.187751248978858,2.50165371781581,0.760019434399166,7.56712475500223,1.09632721940447,0.994644665922958,0.999702547812368,0.999982617665524,2.56686655282785,14.4154124411468,-14.351169725854,7.27442192312135,7.27314767787727,0.77856136136847,0.786860197019525,0.118310357710697,0.142030771069375,1.49453869272796,2.48520495811452,0.692857497115638,0.969701189674047,-0.588978810024135,0.82027824232371,20.7859949578275,4.2951395627161,5.57594201780231,3.64560315188588,0.856060827111889,0.90353337632825,0.647182747346342,-0.40573872649618,0.177855920377491,0.830475310202069,0.595309186659528,15.5898436538823,-0.00909983303383336,-0.0555372766104169,0.00475932531439036,0.923700255903725,0.00527063052004297,15.7544722082031,0.703588967829432,711.355067756826,724.350136368815,0.741507686976683,1.01574171123749,0.776223316439388,20.4666795380431,7.27314767787727,15.866776735295,7.27442192312135,2.65981023545188,0.404477623030034,3.6088524224077,0.588096813241624,0.469951705699876,0.709253722692948,0.656844181540143,0.546545575008241,0.131436036998619,0.15808845170384,-0.0477625293926586,-0.0693102301945833,4.36655244029623,30.8275564952015,1.81741658353186,-0.181941397989874,1.49934381164174,-0.222102080321144
"140",32619,"CACA38",40646,0.0233700955425851,0.0368779266203795,0.168306618302801,2.07448702378188,0.0812092374426544,0.0834458709265595,0.243576065515191,1.54648974249614,0.049361055130318,1.1122911428471,7.18781445691371,1.77299255635585,19.0558256285267,19.0200703877825,31.3155963694589,31.3147291526722,1.73409667744634,0.721351387704749,0.825845612119512,4.76114382336832,0.399403748513,4.83288316225378,0.445684735923836,102.475369469835,0.153385858998951,-0.64614927399663,0.270789811434473,2.30398451653743,0.782578621208308,8.5066667900087,0.869819006585456,0.994568914454714,0.999701103318489,0.999983024687819,2.34251721052195,21.2472026398282,-14.5128906433774,7.71631341683894,7.71656826551496,0.793020641996053,0.810633006000994,0.0689580032068587,0.0888619504406313,1.19145425932119,2.0838981674392,0.72158289683561,0.972758344514526,-0.5761288627374,0.699481229099261,67.3746632940585,4.69745266811503,6.27371356443467,4.23408331250503,0.625238506880377,0.90252472763537,0.669668003541656,-0.363570957074632,0.159360787104604,0.770113785689542,0.569464923393925,14.6906176300014,-0.00321320726987375,-0.0124538396861467,0.00141688126604476,0.916350541625959,0.00144897800623078,15.6073633226518,0.603172631978724,715.73146232429,725.403061886725,0.63731677231475,1.01415522073623,0.575687638834923,20.2098183642388,7.71656826551496,15.3725673951016,7.71631341683894,2.37144466504407,0.44559988704309,3.9136522016969,0.611563762958398,0.528912814602686,0.747878629932219,0.487359324954411,0.402953213499807,0.0845840168927904,0.109244566254757,-0.0896598961184536,-0.154304219791297,2.77375895786746,22.3089860646646,1.90537604591735,-0.212476595660764,1.64001968683351,-0.263414432868162
"141",32619,"CAGL8",428,0.03214443373681,0.0409538594393616,0.26211688585173,2.54083520944297,0.0956659296559033,0.0991038615498099,0.312385529077699,1.71090578411923,0.0635578725818026,1.12921556579761,5.33224916577958,2.20720318017538,18.2635302920499,19.4766131814778,27.1853626927308,27.7435562756226,1.34427480917354,0.993916392480252,0.766763543078824,3.71783367568737,0.0956406464117194,3.13937154717123,0.40025509095199,62.2882133382995,0.117486428289699,-0.640203662736861,0.193316166982324,2.5423733201572,0.724913831238059,6.46352996781813,0.935881682021719,0.993727699033523,0.999629712339927,0.999977456549379,2.60447883603713,15.2854384757252,-12.501277800678,6.60612832089769,6.12193275037039,0.757870415406912,0.746975533394207,0.125500451174195,0.15944093063211,0.954933121041988,1.80096894688639,0.642241630935595,0.965704210820669,-0.589676888359662,0.728677935580556,71.3516984238675,3.55761549432385,4.63422544001194,2.92099767656751,0.690159284045826,0.89549122062132,0.598281282340914,-0.409091980380036,0.198027421626662,0.782014029965284,0.527003406697115,13.954958127096,-0.0176379462362644,-0.0887535864171343,0.00952524417360476,0.915762659395927,0.00439421348607098,13.5464454326858,0.625268601258605,706.10246762305,723.066545250574,0.66137740795669,1.01793066754234,0.616132200959218,18.7042459093884,6.12193275037039,13.9581298740207,6.60612832089769,2.86570417868357,0.372216433614765,3.11973608384946,0.556603265558226,0.476861188472062,0.688466968377332,0.536289897142573,0.433662867600189,0.123496680776922,0.15730986042921,0.0886399611324748,0.171346172530338,3.89887757138815,24.8686916715617,1.68762286808956,-0.14402350775878,1.35523787739468,-0.171062249887581
"142",32619,"FRAM2",468,0.0266750435609295,0.0371672031568889,0.228085450815624,2.44769968912596,0.106677141888514,0.108941052831281,0.299180758815361,1.618397146563,0.0619676356952201,1.11331134315953,5.1956089826264,2.09654261055949,14.840092772851,15.7052633392637,24.1843774032946,24.5678927803503,1.58371704712297,0.863941824605229,0.785903121439387,3.87940063876619,0.135333638265283,3.83989051946065,0.447616800593418,65.0563777354428,0.125992891018599,-0.621294696475016,0.240552977731178,2.30328372587264,0.742269566464036,6.99624067851676,0.910066044337245,0.991684048871702,0.999435807453929,0.999960681546862,2.34941926187875,15.7112281446194,-11.259162267381,6.30309638637054,5.96902159809633,0.748430958124299,0.767094305031374,0.0969012468712471,0.127383400890337,0.92839991133055,1.7568228924216,0.657045763353368,0.959553933292128,-0.570445849600953,0.686054301649914,54.962595511902,3.65588340806496,4.88949773035375,3.28016638422926,0.636780177958682,0.880435082682663,0.605363868211481,-0.360457120666842,0.218280072813685,0.75738150744575,0.525211742121884,11.977918445023,-0.0113373072460163,-0.053879700606865,0.0074864772688498,0.904782431314168,0.00471438154675901,11.9309436349262,0.596455865342047,708.806679730033,723.802860225935,0.631124108242886,1.02127787609172,0.570013807190588,16.1707971454384,5.96902159809633,12.0725715209881,6.30309638637054,2.49251552922417,0.423503697873638,3.24485113502533,0.541162530653364,0.529324823874613,0.653957250762974,0.496062924338036,0.404179328238939,0.111223905896548,0.146551501649297,0.0753643625664102,0.14844953910693,3.56705572711898,22.9611946823926,1.74630222669749,-0.16395285303565,1.43730709201893,-0.196460724620797
"143",32619,"FRAM2",10545,0.0326277506891525,0.0455130210345749,0.245642433744937,2.1920965863582,0.0902187090035528,0.0948151121052076,0.283865041106683,1.59329281752443,0.0686075971982254,1.10796556228802,6.11228860162046,2.33537132917091,16.1108774413828,16.0226827567173,23.7205925509095,23.6964239532633,1.51057336676214,0.866978243167913,0.787499721068743,4.0310493641793,0.139636037421578,3.23545019080542,0.41302963788115,64.2573642956291,0.15675806389297,-0.739894043464124,0.198167290074304,4.64857318043457,0.747081083776302,7.18982927918452,1.02241368324795,0.993429069643593,0.999590973153728,0.999973175912558,4.39291163088581,15.5311762003939,-13.3107888589087,6.82628039749242,6.84690869653127,0.761705948017916,0.774662081208325,0.108231487421539,0.134909145678291,1.23602576817595,2.16227410261159,0.68003345533959,0.968558628436841,-0.580513574243642,0.762530809582762,78.5014517115531,4.04889078931856,5.35952042541776,3.45741362430771,0.755636306105856,0.894184468688514,0.630354079610572,-0.398519457164189,0.171840993814689,0.798050454428955,0.5655009741056,13.9996459334497,-0.00879990383406816,-0.0448715606124204,0.00479047570482071,0.913207882537728,0.00342369972515147,14.2746656941506,0.654432713142658,710.372502207016,723.873635663261,0.691578244453239,1.01641839870809,0.678532277976766,57.4632131394228,6.84690869653127,14.514195612599,6.82628039749242,2.56989635518357,0.413818651208505,3.44838287096941,0.600706702518287,0.492476746307806,1.76802595205199,0.584659764011295,0.480275415030553,0.123957871899878,0.154880728752936,0.0153656808542183,0.0380965627131144,4.10062642870214,27.461621240242,1.77885267648631,-0.170648724718129,1.4554625487289,-0.20674414174698
"144",32619,"FRAM2",30564,0.0237558684197765,0.0358612818810099,0.167931861723401,2.30480315801162,0.0758267578936911,0.0807211781881949,0.24206392965,1.57320077688574,0.048610906864754,1.15897733780859,7.55901860907928,1.7222327501668,21.8396331842988,21.3083528533517,34.6914721984258,34.4771314124131,1.64738702141357,0.763335301840077,0.821827844810944,4.77548602840943,0.50766939899699,4.58424289139053,0.415337680460048,107.448622502035,0.148137800623771,-0.641320677390542,0.296766794688459,2.49070852768574,0.771687773040646,8.09794940559414,0.851148597557712,0.995321418472053,0.999760232820958,0.999987327745192,2.54496020355018,22.4063278023283,-15.5179305627136,7.764642461658,7.94684780928744,0.793386792419303,0.806404175665543,0.0723742265690214,0.0933420149322343,1.18263222184267,2.07246607054824,0.719390274702996,0.976386822139877,-0.584515877329242,0.697362962723997,1411.7046645685,4.7442978324858,6.27076718115504,4.1169679764128,0.620211216977673,0.909432881655582,0.67030266611149,-0.40135183201544,0.152321786705141,0.771026667455828,0.566555227086008,15.5393375438885,-0.0109510249807693,-0.0684126424260639,0.00694146139685785,0.921870929626891,-9.25680937584211e-06,16.502848823876,0.601541575078657,715.181009542015,725.572378519396,0.634903303822252,1.01224717954409,0.568811384892531,22.0344883523484,7.94684780928744,16.7065012934649,7.764642461658,2.49315981987238,0.424777289921168,3.90924580341133,0.638904965388071,0.502968983164383,0.76305113579763,0.481852021820951,0.398505801930829,0.0856354625662948,0.110543290014791,-0.0965168120278719,-0.163358959835346,2.82338432554915,22.0431841159771,1.8914494034328,-0.214202729639202,1.45006010627971,-0.265117252242683
"145",32619,"FRAM2",30575,0.0250626772922717,0.0348201797593903,0.221349060543452,3813.25226671591,0.0940756176068906,0.0979920236529638,0.278237910646689,1.73173327894751,0.0586576088431249,1.13229264933583,5.88061171516091,1.90411358774931,19.9156407015602,19.8170168450467,30.2699140087425,30.2457335766569,1.67043342387422,0.822509513623991,0.793259747928153,4.14590805303077,0.274890371754046,3.67255778939144,0.384855829317236,75.8575526662443,0.131869094837873,-0.615720002183003,0.286256947993026,2.66713010557042,0.726236877495642,6.52768295061988,0.858210070087523,0.994098037229642,0.999659829096517,0.999979774042107,2.71678154700688,17.9788713039699,-12.6728418580002,6.52372630420722,6.54308631754972,0.756205943939224,0.777371873108785,0.103402225829864,0.134431166266357,0.985930658129015,1.82890064588923,0.670072054580066,0.963540464661578,-0.595341865027196,0.691080763607329,52.8094137438246,3.98756530490314,5.15462929059696,3.5150152907448,0.629395983904868,0.898805872497391,0.626875882584223,-0.4156720092332,0.214625943440115,0.765238484530996,0.536845812098099,13.8154902510257,-0.00663250140586254,-0.0276422018611257,0.00366830657041992,0.921328078713812,0.00481857935837717,13.6082574958549,0.597461368525242,710.665446041078,724.341285793369,0.6314423657191,1.01910205330836,0.55900861639317,19.5236582075795,6.54308631754972,14.0874392825868,6.52372630420722,2.74450402641109,0.385121420768098,3.47224375015166,0.518816589288053,0.475477110153635,0.670187118784261,0.4871339269297,0.397131975097434,0.110349512485352,0.143751543801209,0.031686629019204,0.0646442005785601,3.69836892128743,22.5865745221243,1.81875637446328,-0.191320169871269,1.45567717171622,-0.232506455494911
"146",32619,"FRAXI",40626,0.0234228455190708,0.0340137411805352,0.201016026419541,4293.10404985863,0.0782775243121722,0.0874606106532357,0.246967201791685,1.72734562457092,0.0532698050083785,1.1855486405265,7.1004533209138,1.75728439657853,22.8218731218325,21.9040548805676,34.5080325708117,34.1749124709464,1.74266885801983,0.770640755685081,0.810724180069541,4.65075267212804,0.648283573472125,3.77810992712645,0.353518310225416,96.9200462589195,0.145370835428684,-0.645598024702087,0.288702870149152,2.95575243238398,0.748066456395643,7.26836231278826,0.84604491691671,0.996043423727372,0.999812629934828,0.999990834450741,3.02015818530492,20.9640907562068,-15.0812342895272,7.19880715314279,7.47816316605234,0.777851214102491,0.796422175301156,0.0967526256362479,0.123909664170284,1.12517705072455,2.00537377756914,0.698035593308734,0.974609941077222,-0.596909163639029,0.707183764073245,52.7682002626401,4.53181212600958,5.78760068226789,3.93362505199779,0.633863407541008,0.916625995212058,0.657364083632388,-0.458070068516577,0.175112303682121,0.776463369639795,0.558262819645948,15.4212881825729,-0.0186353032740516,-0.114147731365403,0.0107866753070605,0.93034828716418,-0.000597271365767698,15.4890389595583,0.606131635380594,713.618961394976,725.532799562542,0.640337399430812,1.01317343998513,0.569576132068959,24.1826827132431,7.47816316605234,17.4330488766925,7.19880715314279,2.82117609540821,0.36607327829908,3.83030413574167,0.562635891588761,0.469544495272937,0.73227349029892,0.488678385258553,0.403591800553856,0.101528100587302,0.130268974770135,-0.0525885721425888,-0.0863961351689913,3.39481471830132,22.5038886070708,1.90011941820636,-0.226371334061531,1.54372786878313,-0.279448070730991
"147",32619,"FRQU",40634,0.0231852687966718,0.0351434238638095,0.187063356094618,2.81200693189133,0.0781492278471145,0.0842056153371682,0.241967092721812,1.685565984684,0.0516077812202718,1.1931769796887,7.22780035259696,1.73941960218771,21.6409954102192,20.8600361959276,33.5041266972218,33.2024273204358,1.81498516287835,0.73466353053441,0.818118458041969,4.72767701229647,0.564679368702287,4.15981079448513,0.381881430302505,99.7333860909443,0.151799891144783,-0.648931916326833,0.295978261280685,2.81295120072896,0.763961887691515,7.74109315410253,0.853406941876619,0.995805054261456,0.999794824071664,0.999989635411379,2.86710920340257,21.3321688925092,-15.0725929699698,7.38505032947967,7.63607883785998,0.785421523380399,0.804646420001658,0.0861128018186186,0.110084009681649,1.1588268599415,2.04687133867218,0.707826998329441,0.974000313071903,-0.590906934240862,0.708759560653347,40.2995822546184,4.63549748269719,5.96993984052911,4.09080979947935,0.634382773737233,0.914427016607141,0.664847335555562,-0.434150229068303,0.167974424429282,0.776716573415812,0.564278002957979,15.1978908842702,-0.013971282667979,-0.0895366081379089,0.00843143262746707,0.928095282931664,-0.00039204236663279,15.7628729934001,0.607546347189071,716.887552169247,725.772178585434,0.641878796649804,1.01352046853839,0.574707169447003,23.9708977943852,7.63607883785998,17.004701956363,7.38505032947967,2.68488225695531,0.394439585933739,3.89457904284148,0.579187261967939,0.489364589870287,0.750875862567655,0.4969434441581,0.405062176493716,0.0951515960117485,0.121868808779845,-0.0702020108074115,-0.120618465632297,3.17954485487687,22.4506013040306,1.92920420219342,-0.226779651250059,1.55951459593799,-0.281577543319855
"148",32619,"JUNI",41500,0.0247574191237944,0.0413944952923252,0.184496961440628,3.26367248101755,0.0740249008445161,0.0763050985005467,0.231202106401001,1.66887168380969,0.0528923410009948,1.12384945142555,7.83776773717483,1.84697837805947,22.855882250007,21.8643739435477,33.3168066885006,32.8579990155472,1.865782108454,0.661079834780023,0.828059628869243,4.91925190271389,0.363464341270224,3.99459563419502,0.388207456973341,97.6301492038143,0.178125156222752,-0.716716760026948,0.287005984003682,2.63172391771657,0.773609562977036,8.11865543782174,0.90504732884422,0.99581664481067,0.999792331554188,0.999989097809388,2.67641318665694,20.6593379570534,-15.8039515768486,7.96425390415486,8.35948709456659,0.79593602406138,0.816463870128209,0.0832700808349638,0.103696451555529,1.43903499586898,2.39007604334624,0.72729701125417,0.970857452130622,-0.602546163671898,0.756138644247627,79.4822756273758,5.04043466143635,6.43494430005475,4.43411200597009,0.69234958386191,0.914694261307221,0.685833164524004,-0.413822505457332,0.187203653706166,0.798293754224401,0.597667991445756,17.2663977660452,0.00298575884660183,0.03113948260902,-0.00197104801945615,0.933981462435311,0.00467748083784804,17.5474903855698,0.637917169746432,718.349232542675,725.199814158818,0.675237733352103,1.01515848775517,0.632694181861553,23.5892667145137,8.35948709456659,17.6344823794182,7.96425390415486,2.61517236251655,0.40712142650422,4.14922052242132,0.55779497343035,0.466268393263054,0.712062614976746,0.538652923508702,0.445138389814397,0.0956577451107781,0.119437792320143,-0.16773711549113,-0.271876833812833,3.31452444055075,24.965658268798,1.97077283100443,-0.224044047694321,1.67925000785979,-0.282689750930764
"149",32619,"LIST2",365,0.0272852389513472,0.0330305761811823,0.297448028661145,6572.82426810187,0.109430274822464,0.12766531104648,0.331125769542578,1.94913230235852,0.0711547401597252,1.23886401268423,4.63926533278887,2.07180042126402,18.7613750201574,18.1571662542253,27.8119329108489,27.5911420383152,1.36499011350766,1.04506393582975,0.736987999632691,3.41309607591013,0.258690647312323,2.55397962789604,0.304064391607297,52.000602049111,0.0873462298810166,-0.554220966368384,0.272438887200308,3.43932656794291,0.643350671984916,4.76241531739228,0.816920883636383,0.993813631882647,0.999624719527734,0.999976020371612,3.50557100928897,15.5050978720436,-10.9843207117253,5.18800293787222,5.3832158784117,0.69566614810565,0.71815372669764,0.158788272913067,0.211402007353331,0.734309921034182,1.50788939431562,0.603744768286881,0.962157019276687,-0.603768297598451,0.653581701806597,65.800856371242,3.21634519330689,4.12685072504295,2.59356188616134,0.609998149432756,0.89747646084494,0.567276728606994,-0.513476732568815,0.244268074394034,0.747030483154646,0.484495640620507,11.7275161287291,-0.0194643674199718,-0.0788730664362986,0.0104970855493103,0.918153425505126,0.000522567668409449,10.8356826231157,0.574806127046911,705.662873000953,721.988120659104,0.60581588157868,1.01988317946781,0.507434682707692,19.6597402921939,5.3832158784117,13.4547098499693,5.18800293787222,3.2760878555464,0.313961985074419,2.93344562386969,0.480099956757696,0.446280111644224,0.636700877969969,0.464674161583758,0.372313575880749,0.14621121815638,0.195145472484336,0.144588387634346,0.306956463054455,4.90661930160048,22.1656604324973,1.66083846652225,-0.14127483816614,1.31129124062043,-0.166136856138387
"150",32619,"LITU",20275,0.0166299304361873,0.0273308304275609,0.146556856881808,3.84209102752208,0.0731896124619437,0.0833913951721528,0.233116348769479,1.77336821613546,0.0410729046285102,1.84220472949978,7.64096153073339,1.28983025342899,28.7344965166692,25.8358027898048,45.8477598320584,44.8741872154074,1.85241775419594,0.628983780284028,0.815694920113154,4.72482716413892,0.407864096346067,4.79070665222232,0.331750570138801,124.807030736857,0.127299375310887,-0.497574564048896,0.405645640948299,29.610575573918,0.738111922330318,6.99732362605276,0.666117074772264,0.996167622288023,0.999813191401946,0.999990358319865,31.3277853183555,28.5575011867484,-16.211151707316,7.36498021086573,8.20418069015887,0.773332947698224,0.812051567841209,0.0730373874078537,0.101041247206252,0.99847851249891,1.84080173848305,0.732334592913916,0.989790962560352,-0.603888845957896,0.576843601363174,-81.7757739103704,4.99653136857427,6.63466048814747,4.36485457160295,0.484879187939574,0.919450836198797,0.682354836963263,-0.477800147909729,0.0753515435422112,0.720580927891413,0.539385547903469,15.6237671092442,0.00626609085282523,0.0617388509739481,-0.00544497744713098,0.926083241281993,-0.00346032301934752,17.1267307319146,0.530957403305946,719.116716939105,725.335269654802,0.551490428393655,1.0054425664756,0.4309580651862,403.876273770377,8.20418069015887,19.2412893249375,7.36498021086573,2.90608769527631,0.369861850718054,4.15066485241189,0.73840065470498,0.477861860521974,12.4936198897356,0.402556026906245,0.310809240599801,0.0770639857196007,0.106953446001013,-0.100087114776125,-0.177506579375691,2.64584004915352,17.6878567892909,2.02620624781945,-0.232290338147101,1.69484635652893,-0.295799521979603
"151",32619,"PIEC2",20304,0.0216679266506259,0.0336422188407568,0.163404533043303,2.52649382691221,0.0739865469073786,0.0799852519084586,0.234751125142073,1.61882061334452,0.047481118151088,1.20375301874503,7.71752182733982,1.60492204811757,24.8970215688564,23.7672860707209,38.5198194574259,38.1143337284013,1.80371001047032,0.714761681147493,0.822535654438486,4.82737454793644,0.614088972129458,4.71538423119451,0.398721124698144,112.924114780703,0.150374266689128,-0.617459313769105,0.370163781288217,2.66714363998724,0.761130341562125,7.77706766778327,0.805269218006748,0.995405838519339,0.999761321382635,0.999987064474726,2.73421828206083,23.8415719260528,-15.907681309975,7.76175515758399,8.10457401831926,0.787451847423621,0.811834126417246,0.0730944573402509,0.0953125774718794,1.16987070844276,2.0575810128136,0.725928329804216,0.97743396123492,-0.595245245182641,0.676801507110656,148.825382576576,4.88253085160017,6.44958678570752,4.31418506417769,0.592648863046419,0.91105461559592,0.677207064670096,-0.41482833218873,0.135858963155271,0.762538887278171,0.565325788040716,16.3012841211606,-0.00543353436691129,-0.023580215510442,0.003148439719122,0.925901406759668,0.00159945572747553,17.0274603530365,0.58766961902357,716.916501469139,725.683688531938,0.619261284803018,1.01175783576054,0.539247741368837,23.0783144182704,8.10457401831926,17.3465738034305,7.76175515758399,2.58722011871537,0.417710644042955,4.03445740765875,0.642259550597646,0.481312958380768,0.808816500169036,0.473814796175681,0.379984291135063,0.0844983650750772,0.110497078160786,-0.107486619320331,-0.183919784143734,2.8743522718359,21.2174290537315,1.97008974242305,-0.230029365899276,1.6024787132792,-0.28839729148556
"152",32619,"PIEC2",20333,0.0185300225496728,0.0300748397229912,0.137247316528102,2.3607308448764,0.0706640633984608,0.0746554082808329,0.219672458007804,1.58846410547187,0.0410506670705357,1.20918280730581,8.29185362133931,1.4029206463745,28.3143793587703,27.0121305144094,44.9184921089252,44.4611176558371,1.88236347012203,0.660003037448373,0.833913583110725,5.08290902199168,0.847108067129382,5.58062109559245,0.409109903297845,134.867684819772,0.142964498220012,-0.574542850082091,0.512327430657442,2.54164156166337,0.766089841562234,7.93692979055509,0.737544450633576,0.995555368530781,0.999774633897571,0.999988144094998,2.60436702523047,27.4299707666653,-16.2751751236343,8.10354490718917,8.49922696940393,0.797029152337249,0.824044019177963,0.059826659376266,0.0798897845647611,1.11624863662817,1.99101223003163,0.736881343612253,0.974725835084302,-0.598285528739434,0.63114224811743,441.774284888124,5.12297858922457,6.72095593270295,4.61119652718017,0.535155494039427,0.912186077993245,0.689633758539723,-0.412595190635781,0.143227988030417,0.743253041196169,0.558615671988702,16.9035354315768,-0.0103221707190007,-0.0707603309464928,0.00676608005797526,0.93107800826283,0.0031584742632048,17.5413413640519,0.560711498407663,718.528035677234,726.280324018743,0.587882094535546,1.01316660364027,0.490522468075749,23.0830975707489,8.49922696940393,17.7109194430243,8.10354490718917,2.4997875040427,0.431740192422289,4.23593230757018,0.63421009354991,0.484166234136114,0.786599057017322,0.426866244179325,0.34581637277321,0.0710783110544801,0.0952575617331859,-0.133801358245871,-0.235299895405139,2.4650356221095,19.0939548720579,2.01640855963744,-0.250635311941646,1.64661057403161,-0.317646357352252
"153",32619,"PIEC2",20348,0.0215587358702246,0.0337463882886854,0.159828087853041,2.33148132002214,0.0749187789231446,0.0808858737550658,0.230034567235649,1.56583281347656,0.0480137737917347,1.15934255958472,7.80642480360994,1.63078419335972,24.5243654754866,23.3546684183825,38.0481390809124,37.6423524872766,1.80883863852126,0.695355725514923,0.828349609906793,4.90835935198304,0.79682717064808,4.98681493374524,0.419543708682756,114.807960440463,0.153723118921527,-0.635856002017456,0.33539926975215,2.51900602550944,0.760650089399615,7.74069068542484,0.815654979189978,0.994798111623181,0.99970860283538,0.999982770924944,2.56938982774837,23.7412985224848,-15.6056042102764,7.72078137522291,8.06539299769858,0.788295151769603,0.817018789820407,0.0680965176658906,0.0886314122304903,1.18503262914449,2.07915183549397,0.726608259407591,0.969329604658703,-0.593367902027127,0.676948022596638,128.047582491555,4.92613831289112,6.48734111689533,4.42475818815462,0.596818945432305,0.905926067662806,0.679074818495824,-0.39676268921718,0.180761195366457,0.761307422556724,0.566927694363416,16.1727035575128,-0.0122149677704576,-0.0724340200811335,0.00810946926112888,0.926857453067723,0.00450304292802432,16.6167508572763,0.588787088023716,717.705733464937,726.170431499271,0.620568350118338,1.01611260118818,0.545980243266863,21.9289938378292,8.06539299769858,16.6704636633716,7.72078137522291,2.45203908589538,0.438716790371712,4.05990830827354,0.60143333936699,0.482844261756208,0.730276123975989,0.473712235053495,0.383894085308671,0.0824947626016293,0.107812579867274,-0.111355146700784,-0.190847198833751,2.8696714261509,21.2622519529026,1.97307347057372,-0.238645469806495,1.58182439826918,-0.299929889255818
"154",32619,"QUAL",398,0.0281977337685126,0.0405521691059075,0.21074686153303,1.57661074106655,0.0905580623099823,0.100193120955214,0.272810966234142,1.48260876848691,0.0671998762282803,1.0901259959147,6.20190538091224,2.13834606573026,15.7110459679844,14.3753235178535,24.2503378777802,23.6441654315265,1.58346794858954,0.809474822801515,0.8014608952641,4.1963550667047,0.299165009928105,3.73198319220349,0.419309011412004,67.9908157093202,0.150558152878689,-0.692548967868273,0.184288372186551,2.44636069893185,0.735514953103816,6.80268765479404,0.977001505979243,0.992527851274265,0.999513382698251,0.999966992696945,2.49171971849018,17.1188337703201,-13.0398901308698,6.31568129746158,6.84413272297745,0.747879809840036,0.786819034100615,0.0861527257434231,0.110415206561166,1.14126522298611,2.03640642445368,0.700220080570462,0.980596944935442,-0.57682812506424,0.718768637353511,129.840791908671,4.12002589914994,5.77861452388777,3.7046911760854,0.689730627130325,0.886756797337785,0.635603890804248,-0.396244993459057,0.075163356137526,0.774759134580793,0.557009412296144,12.6633810581225,-0.00579628042302986,-0.0256537036657446,0.00343938099609761,0.897598314310416,-0.000208421422514882,13.3273439141131,0.620825614794421,712.524549719181,724.339727778043,0.656664619816732,1.01003978954227,0.61381329859939,17.2587035100185,6.84413272297745,13.7649045767994,6.31568129746158,2.33212262605005,0.453670743565079,3.53746105426042,0.735840889316083,0.501579283354695,0.874103555676172,0.525443684950731,0.435629092378897,0.112457679034436,0.144422439339542,0.0223148665265478,0.0456152150573776,3.86247306234338,24.8918186676259,1.81347710433779,-0.184375876974798,1.50481131255929,-0.224537384228476
"155",32619,"QUAL",10390,0.0261456371014153,0.0340938917575848,0.251714985288911,24421.6921103312,0.0731047896625573,0.0884033097276924,0.270180551440246,2.10460998814218,0.0576058870017246,1.34742632782649,6.9005690993605,1.70961039879663,29.0502819222613,26.3538185749071,40.5980911916825,39.6077685830957,1.47471664251276,0.879566621015378,0.773860631343661,4.10442959470523,0.575695690656447,2.59895457626587,0.250761128767253,80.700088559565,0.115807353285478,-0.587241626511254,0.253608865713006,4.28868000611269,0.688255172395083,5.69788428400578,0.775157648072252,0.997244842590009,0.999888072862127,0.999995210324279,4.38004624403206,21.5790837709823,-15.7880708985872,6.45168288566612,7.31730473964456,0.745884840681446,0.760456550803142,0.149749682400945,0.192123660598283,0.972983540551679,1.81224847944861,0.669968366743487,0.983881358632973,-0.630970553013131,0.685886656482349,17.4185313327788,4.16003950307708,5.19739693717553,3.23573181517951,0.610679381969431,0.930689604088508,0.636024963258254,-0.579683860206844,0.149997507679075,0.771588778279119,0.534437652177892,16.4585654065585,-0.0124418471933574,-0.0638175003711783,0.00509775526989844,0.940451374629696,-0.00277713863276274,16.6678160710312,0.591166912994717,711.618645301535,723.529870626617,0.622161224857377,1.00836606710492,0.523100640492527,30.3420377186151,7.31730473964456,20.5107809385228,6.45168288566612,3.78377201703851,0.284952370576033,3.50816046362079,0.585555444239868,0.395374459035619,0.803552432267685,0.468145424873717,0.378006775928736,0.125388141141668,0.161670664043563,0.0156711162266245,0.0370082185527473,4.17796270370004,22.1143725420844,1.80586335131916,-0.177441137646486,1.40713230030125,-0.216571145088603
"156",32619,"QUAL",10514,0.0261911081825225,0.0376076875181254,0.220794720875658,1.64770529374258,0.106273559760474,0.115321168390776,0.289412702502405,1.4995427085526,0.0705018215869198,1.09449898469559,5.36012772085914,2.17040567851207,13.1975318151376,12.2897381357473,21.4413219068235,21.0424400668202,1.60798842333085,0.815302595827969,0.793120659434482,3.92392782044031,0.271089704130068,3.76822790413678,0.436826796873732,58.7295153623761,0.13729318208436,-0.654626243937103,0.209613841769631,2.3669569745184,0.722584998765677,6.39875070160083,0.973419195243036,0.989901075621258,0.999217282287186,0.999936268033626,2.40099120709549,15.6847572455005,-11.3078592816662,5.71642756314923,6.06468120301658,0.724252013992735,0.777623246417783,0.087333493202651,0.115374746773658,0.981772465447419,1.83234659433915,0.68129323819975,0.975465186839312,-0.565457075400171,0.683344070195819,107.803237435249,3.74708480122232,5.33027814957908,3.50422205976027,0.652533066842292,0.870452745827272,0.611439727636218,-0.375845434044261,0.0852495396984997,0.752969380663153,0.532626981741187,10.8531003212166,0.00419553754445514,0.0261946933837933,-0.0031545716001916,0.881951319543825,-0.00119226740662598,11.4506597023105,0.596561705405662,710.805604276905,724.033439443077,0.631281748241952,1.01273864282341,0.572226998858771,15.122039904259,6.06468120301658,11.8211270741808,5.71642756314923,2.28921221594141,0.462137137147287,3.32886554232728,0.698533309505287,0.535297932919458,0.854140148555095,0.497170729416576,0.409035185830555,0.115982425848886,0.1537056125133,0.0833837197327719,0.162418675936276,3.92676185602984,23.5586251709991,1.77749321169209,-0.175884270860744,1.46949990660679,-0.211908842713006
"157",32619,"QUAL",20475,0.024737443932266,0.0396765547099236,0.179826667038383,1.53510178744877,0.0787070542356504,0.0865973135202948,0.232557007694544,1.47869119164056,0.0598888406914155,1.12960244796295,7.59432910716962,1.94644203858072,16.7477275985229,14.6921093597475,26.5352169409231,25.6023473694379,1.86372769499533,0.685260359317266,0.832484643291864,4.91768204492455,0.603010754966528,4.37321072374591,0.423600632384463,93.9242728033655,0.180422108706467,-0.736079714770263,0.281162211428706,2.43249915054872,0.770260030223662,8.01281523315563,0.974020365449798,0.99401890895217,0.999643152770968,0.999977590209983,2.4732612959268,20.2512163990287,-15.0625162267061,7.1871261442307,7.98169133550545,0.776757068277515,0.820697310976182,0.0712355103219724,0.0898557435012658,1.37884652938679,2.32735950961554,0.742975851510793,0.986278916408931,-0.571291668540896,0.738035900727296,47.7754602329085,4.8953000340103,6.94312242613441,4.56457750026028,0.697577714187719,0.899109693645551,0.677482349295898,-0.392315761590262,0.0549043003451256,0.786967389441248,0.589253978660608,13.8244710220138,0.00292978221967619,0.0348420218072912,-0.00260550907182263,0.905854641943246,-0.0031446268699307,15.6210471088134,0.632425783540772,717.817766780522,726.078504345654,0.668744633729675,1.00710741286864,0.632339013471102,19.9808055968379,7.98169133550545,15.7609027222862,7.1871261442307,2.2665659873238,0.470180412691159,4.07249014901464,0.767182843747368,0.526256913902405,0.919091359280929,0.542592326010328,0.446287847085355,0.0967458453050948,0.122284714855725,-0.113031496454269,-0.186170058285092,3.32532375117879,24.8387111020166,1.96653983179202,-0.238961236896864,1.64699276497432,-0.299507510555765
"158",32619,"QUAL",30489,0.0244502373030406,0.038383499339333,0.176474981504349,1.72208424925671,0.0708709963793315,0.0792351144228736,0.226095533244389,1.55007463499872,0.0550694171058382,3.36513625444964,8.16597159839851,1.81713735432949,20.4772451461948,18.4342040329896,31.3709509728885,30.5195338939584,1.80345785501839,0.686406870504291,0.830788699762886,5.05988360997574,0.809817004804554,4.23023994630932,0.393276069568461,106.243225273602,0.175907085011028,-0.721578911199213,0.594653363661958,3.28813425035032,0.76634932349337,7.97078977109211,0.918638914568771,0.995436337355454,0.999764679398051,0.999987363388673,3.29790793957783,21.9524134207248,-17.0964680231663,7.66744433908323,8.38699203376937,0.786471196468093,0.818634892824687,0.0762183223229333,0.0958330328844651,1.38060176456713,2.32682999346161,0.742251334717236,0.988287398554033,-0.583973099524769,0.739325649472856,145.550338313998,5.05015426046638,6.98321590473103,4.5092444589092,0.682164379460416,0.911175191146838,0.68434297037286,-0.421599524015626,0.0563934719524311,0.790422451862802,0.589907061756648,15.5815544944161,-0.00328864135315954,-0.00692145682678292,0.00150982955464087,0.917578030145566,-0.00265437755315903,17.3590578309641,0.62975320215181,718.136287823049,726.222669164014,0.665778508349396,1.0061244274957,0.619708577092322,33.8584944233706,8.38699203376937,17.7306331344675,7.66744433908323,2.47215844234069,0.432364376197593,4.14391012848248,0.76345827432977,0.497324225853074,1.20604435330096,0.533684782630666,0.436722816944737,0.0945609885150974,0.119190719544812,-0.143326259586016,-0.235877905055153,3.23049527783865,24.2231863596437,1.98908023591465,-0.242320879291762,1.59605015224378,-0.305714334302316
"159",32619,"QUAL",30528,0.0225618524987525,0.0366662528563029,0.183537608296071,1.52789662751084,0.0913639042912446,0.100156715492824,0.24142855283306,1.4502922908797,0.0628360346718785,1.10304809713476,6.80621357304011,1.98204859281688,13.7047636800637,12.1117838951516,23.4034916644471,22.7021885337049,1.9013331816652,0.677003701540914,0.832249595411534,4.76645216343899,0.654981420934889,4.64227120033468,0.452145025633339,87.5372048383488,0.170151935098628,-0.709823677185187,0.291399340445268,2.27833082632725,0.76791791449937,7.94891448852139,0.98712865869613,0.991631651118856,0.999384906291116,0.999951167042646,2.30946772313095,19.052278498154,-13.3460112604573,6.62081630233997,7.21754691483791,0.758999939919692,0.819554399940793,0.0675498618579114,0.0876398242663343,1.22867872573118,2.14050856916769,0.735079160802163,0.984319018934527,-0.555693068861559,0.705401679698679,192.438404210033,4.58036325596809,6.71189707334131,4.5240753223758,0.666470989265817,0.883148109086903,0.659821748399992,-0.361947952684424,0.0571441076770522,0.767035520918294,0.569257202989069,11.8310039991421,0.00696100660158988,0.0576547033200429,-0.00574555310223637,0.889435417013285,-0.00476808441652978,13.6122782202114,0.611653638961127,716.07159288708,726.237098502196,0.646755472180614,1.00814493348887,0.599665705300263,17.4438573813898,7.21754691483791,13.6052809187585,6.62081630233997,2.1481264420102,0.491769108133846,3.9175779009698,0.758414506640124,0.570467491465231,0.909956385424096,0.512838654072417,0.424828644978231,0.0966776001329082,0.125783929969629,-0.0496649702661792,-0.0767781267295859,3.28672258852281,23.5496502499484,1.94359959996971,-0.238421996580092,1.61431148238544,-0.296371504660175
"160",32619,"QUAL",30581,0.0311069405280764,0.0458222077730379,0.227920720968054,1.46991480658254,0.0866261514251762,0.0964318693621522,0.264879547768299,1.47684925254985,0.074044448592618,1.08666924721082,6.43814175672031,2.34517156976045,13.5570788926682,12.0889522965925,20.3782946332654,19.6196075305164,1.61728511087072,0.780526681871205,0.806253501029163,4.27790251104747,0.26227115806502,3.31390332180685,0.409445164173495,62.3947078300745,0.176543451968527,-0.784074805428805,0.176894112314657,2.484845237998,0.74613364681694,7.08987899614128,1.08549209001634,0.993255195650978,0.999591616323097,0.999974729925016,2.53388793924025,15.7054564619947,-13.5316884243562,6.42378252490554,7.08141062252765,0.75329917257002,0.794545178559255,0.0934430108735059,0.115827529619187,1.34180928256161,2.29737883429388,0.712861639868462,0.986687362959442,-0.570724163914248,0.771876300094385,323.291969074763,4.26640629655169,6.04472507382414,3.82943301819544,0.781948736169443,0.891448644677058,0.645900740553357,-0.405505062987257,0.0461020395099956,0.802003842951768,0.581373758945731,12.5973543134657,0.00197417105541393,0.0174150017359082,-0.00171514065910788,0.897088300848727,-0.00299422385669174,13.8181088570913,0.663419388541083,712.284403305301,724.751743631486,0.70098835040695,1.00686558360439,0.695885173850472,17.8950747846679,7.08141062252765,14.2558903503826,6.42378252490554,2.3313365092279,0.451474692195627,3.63198116028701,0.779558464311836,0.512244255288434,0.925390608808722,0.592099022250784,0.494528555322416,0.123784795730062,0.153659426401251,-0.00159344934739646,0.000592978142781485,4.22648714077314,28.1116000782281,1.83498802108126,-0.193319766031905,1.5210354254381,-0.236369332224358
"161",32619,"QUAL",30653,0.0296869117632865,0.0446630270729975,0.218401770919325,1.45241185882752,0.0884719770041245,0.0964617242890297,0.264029666540587,1.47294937864633,0.0709138617526978,1.0967533966624,6.39434864448268,2.27817007432771,13.5992726928863,12.4998367297801,20.8196556308285,20.2600516881182,1.63642394356651,0.763867243401967,0.80955661482156,4.3189310560762,0.235312173522851,3.52774701294409,0.42769939724411,65.4142341385224,0.176340299730848,-0.76569733195028,0.228748867150185,2.40481726257588,0.750749418285376,7.31245216196391,1.06458466355543,0.992894156826398,0.999553131638332,0.99997091896396,2.45732838194792,15.9249217130476,-13.334205356726,6.56971976019876,7.06035774246524,0.756009918663367,0.797450090338781,0.0873809042328258,0.109351189063662,1.31811997118493,2.26101676992174,0.715561408657546,0.98683987069887,-0.567104823048132,0.761412423770722,1162.05900882381,4.27389574576848,6.10851352217546,3.87970742830718,0.75930322283398,0.889078559441178,0.646470915640506,-0.390503897400918,0.0422230513586895,0.795880191418265,0.579186708177551,12.6057682148482,0.00200273968652948,0.0163203288891638,-0.00159994800424632,0.896919879204593,-0.00186521832066685,13.8122374179954,0.654249798496683,712.865865768459,724.913978295333,0.691767436134935,1.00683011673557,0.680001716334332,17.5511860093559,7.06035774246524,13.9946701148457,6.56971976019876,2.29117230370581,0.460424021069723,3.6486025025644,0.783956914972006,0.523855879047069,0.933412848834705,0.584713949466633,0.481901546119667,0.116646219595095,0.146211629050209,-0.0102554101742877,-0.0124047352052246,3.95267659567974,27.2755056319675,1.84771269492242,-0.19618494294298,1.51866070030424,-0.240422481386015
"162",32619,"QURU",443,0.0290647252013933,0.0407268755635739,0.214189945135259,2.04234012270221,0.0938110511303163,0.095299697725523,0.289821362950501,1.57138009408109,0.0587962738926651,1.11068467789777,5.86332588530571,2.08823167031943,16.6655456272197,17.3153729955441,26.2183599452877,26.5197973601139,1.44951310805552,0.865844694360523,0.789547269934776,3.98793436233375,0.1289706293997,3.80411911692756,0.445048729134496,69.8337093376706,0.132596273182424,-0.646382590712399,0.20702913014962,2.29855894899614,0.752002083962711,7.29921758025288,0.925927291600269,0.992755905816217,0.999521323748692,0.999965461388975,2.35216982259401,16.7850458500132,-12.7330305205542,6.8787296256227,6.61530833778887,0.767329483328021,0.771912207984275,0.0912868781833454,0.117446114652837,1.04179657315094,1.90130423242669,0.674666771044081,0.966210877206634,-0.57688160323165,0.712233630909134,-0.72440287006395,3.90659738454843,5.20823259079246,3.34801530417508,0.661163698559798,0.889036632775973,0.622986217998799,-0.368224487850997,0.17713800150378,0.772040014265536,0.543940241629415,13.5161211294098,-0.0101196667286556,-0.0547765410407203,0.00634566914351857,0.908897313995496,0.00417174872665047,13.7496674187327,0.613232412849744,709.907123041453,723.692847296266,0.648969367595553,1.01770715896445,0.599815777642374,17.6806552234035,6.61530833778887,13.6299008103129,6.8787296256227,2.4917333969843,0.427227811053309,3.35422240466199,0.594638263835609,0.513071279542586,0.713926208760459,0.519014360004225,0.42070899525705,0.104708394580406,0.135181163870343,0.0311282400070551,0.0628088810642543,3.35649756068267,23.9028324446878,1.74680220914321,-0.157294160451567,1.46819706052629,-0.189709030933914
"163",32619,"QUSH",333,0.0223263571557589,0.0358354217861793,0.152710081391941,2.48797927869006,0.0643466617760505,0.0713607061594692,0.218035789772972,1.61268317799078,0.0466154217623646,1.16668236288643,8.81866510480616,1.58475843982129,25.761398114136,22.8181308913931,38.9070651984485,37.6865621994161,1.7840723114778,0.684532602398541,0.834185850899579,5.14841474186779,0.640503661609558,4.41503947766165,0.365081164154823,117.230508506117,0.164836938762469,-0.657746254777861,0.282294876042447,2.85602372182032,0.772955415462623,8.10351344630316,0.828262582216552,0.996583869010795,0.999849420305461,0.999993121172233,2.91165087789577,25.4546648575083,-20.2799368137422,8.04658026177876,9.09231703365606,0.799786630402849,0.823578609603034,0.0696950626094571,0.088719923183346,1.36837696567514,2.30519773439908,0.74692653596648,0.982415980607887,-0.60035808633666,0.710534637672606,-366.609272653369,5.36807787847277,7.01424245760386,4.60776886828714,0.623670468558324,0.922325999201989,0.701182951476342,-0.44728118257852,0.110452919093684,0.780134269100387,0.590643991312683,17.2921278079426,-0.000312201293219624,0.00634542444886018,-0.000238710878829256,0.932355773407625,-0.00105233417838639,18.8323864618001,0.606939809683766,718.562683671477,726.073418471247,0.640573751039486,1.00909872705802,0.569133286722159,26.0050871803155,9.09231703365606,19.753157278393,8.04658026177876,2.60185177558302,0.412280999012258,4.29912249119427,0.669710554136299,0.469451147117773,0.839875344923711,0.488260491589404,0.40236452402299,0.0829477636142503,0.105757352747462,-0.19513026357243,-0.326205779621123,2.89600309670264,22.3180918009168,1.99805379518506,-0.244353259381899,1.67485394283171,-0.308308338301573
"164",32619,"QUSH",346,0.0220780240798724,0.0320560499835413,0.152370365957656,1.95640885037382,0.0914310227040111,0.0980193906272054,0.268824647124797,1.4576882330526,0.0500303205547732,1.072764268983,6.49422627613654,1.65369393008091,20.2361811943192,18.5769382674897,33.4524205327924,32.8519700470405,1.55247459760576,0.817390566318845,0.800941089222332,4.13883991706633,0.355017244321515,4.88955669020039,0.437809977500178,86.8719742749665,0.119899288311686,-0.544275123450074,0.221938359348988,2.38933594870918,0.744008072073975,7.05257309442844,0.770909691040847,0.991342978372768,0.999321210090416,0.999940245773312,2.43710611803237,22.3869888632117,-13.106405751814,6.56348420994785,7.08481361300854,0.753481343812904,0.78930073701736,0.0585322699268128,0.0808869253574561,0.920943188129786,1.73276900589261,0.701852349037615,0.968870848314174,-0.581313689662507,0.599128774128967,-405.362404286679,4.23859898407225,5.80280436980342,3.79567921692395,0.523978701469646,0.882804036864518,0.642032748888467,-0.37240368056007,0.129754363538248,0.718008590420797,0.526772158465736,13.0018281047433,-0.00274441088374327,-0.00603694955498961,0.00298470073009618,0.902098181155242,0.00151344261534916,13.7651857688031,0.541956507453367,714.356009294132,724.243957905101,0.568245745299692,1.01631774252943,0.471722232075918,17.5723696174461,7.08481361300854,14.0204257147632,6.56348420994785,2.23417621982442,0.468215685411284,3.56476584333877,0.653477494766853,0.517594583848604,0.79241525459569,0.419478621932694,0.335122135169031,0.0792167420949395,0.11003883497352,-0.00655769768445152,-0.00369441904213546,2.78337962426032,19.1210409527753,1.82016078985715,-0.180168064904883,1.49674382707165,-0.220386883266169
"165",32619,"QUSH",10455,0.0242597812577769,0.0383196079475572,0.168180680161105,1.99500413636926,0.0783968253805123,0.0837567498925707,0.240101343942293,1.50264109923786,0.052719625069894,1.12585650410682,7.49259373404855,1.8220977767712,20.1668403186235,18.9433421173263,31.6091937888239,31.087214938001,1.70829976494004,0.715280725249629,0.824717402072274,4.73716438866862,0.522176046263699,4.63681233004297,0.434606960155831,97.6943373847214,0.160058554953398,-0.673351340840316,0.273957336501615,2.36879334191807,0.771217958207015,8.04558072939644,0.886712602138903,0.994198503111278,0.999660836931912,0.999979063844678,2.42351268577024,21.3362986752274,-14.9411093502893,7.48918739153568,7.93748881866589,0.784488956833629,0.811455759224047,0.0679644725266918,0.0873143563694922,1.25903772526255,2.17044412638114,0.727372454314775,0.973745786595862,-0.581493782770333,0.705785437163137,112.381688950719,4.79440070098384,6.46839197280476,4.30727045295504,0.640400049749062,0.900250609406058,0.673149472953406,-0.381255183191369,0.135181896864344,0.77245845186532,0.576020270787132,15.061981465316,-0.0131097332905146,-0.0854512786075748,0.00920453183568343,0.916874333375923,0.00255048722929315,15.8260694073535,0.608135663167247,717.112941845441,725.261946760476,0.642598730572299,1.01366171145145,0.586403415175672,20.0279281181011,7.93748881866589,15.8453026844478,7.48918739153568,2.32408676155807,0.459152574231374,3.95808619196645,0.654765984460454,0.501575297674222,0.783520420941041,0.502262961157167,0.411675199734547,0.0877389030532976,0.112960471382054,-0.103335221959035,-0.172781505170908,3.01907582856104,23.0523455620824,1.91722139972266,-0.212702142875818,1.62663372930291,-0.265216798635278
"166",32619,"TIAM",20436,0.0139599195956987,0.0256279645865758,0.121697306252938,2.96000537265503,0.0932400340390072,0.0936668894522988,0.221655732400751,1.40244175637073,0.0398485225804808,1.0935454102388,7.09828369950459,1.40429632159155,19.5029063336144,20.1310894422757,37.0443348144549,37.2660290779542,2.15586372882364,0.583138609538891,0.858727274674932,5.27661315616441,1.27139345577141,8.13258439585277,0.562761014057013,142.093324425267,0.13599778743954,-0.540560337077257,0.765086682424972,1.86589733347445,0.785508075787472,8.76126491576819,0.728475836567393,0.989842979068049,0.999152198592171,0.999922852244371,1.90226099269546,25.7890770981399,-13.2869095498649,7.51295518446029,7.31986150261773,0.787642834557954,0.843447024695552,0.038879774829926,0.0551608230537671,0.957667055963979,1.78564358104746,0.735874796279005,0.950476919932393,-0.559505339268331,0.566646871194391,57.4303127752425,4.86857098150837,6.79667857775072,5.321856005548,0.476789317759025,0.873571549481225,0.674167460523097,-0.270798681337229,0.237857788053143,0.70076984216938,0.531766928108929,13.066325871806,-0.0075216835258561,-0.0313067642313182,0.00883986618033772,0.906138436542404,0.00906560478862587,13.8798491128793,0.52258325933875,721.277903452417,727.387105106014,0.54597863172022,1.02666841661422,0.448397223417355,16.5652383411956,7.31986150261773,13.1407555402852,7.51295518446029,1.98876490280932,0.543826592914162,4.17821000453009,0.577104728335213,0.592158180763375,0.645667575884246,0.385870183860761,0.310876832949564,0.055944929047822,0.0798873263111935,-0.0892974235791099,-0.155984614467396,1.91160771472751,16.5909980098911,2.03505924954156,-0.264769326056951,2.246160281797,-0.334593469640815
